ID;ANTIGUED;GRUPO_EDAD;GENER;ESTADO_CIVIL;REGION;CALIDAD_PRODUC;CALIF_VOZ;SEÑAL_VOZ;ESTABIL_LLAMADA;USO_SERV_CLIENTE;DATA_USUR;TECHNOLOGY;BAND_7;MAX_NETWORK_VOICE;CALLS_DROP_S;CALLS_FAILURE_S;CALLS_OUT_MONTH_P;CALLS_IN_MONTH_P;CALLS_OUT_TOT_P;CALLS_IN_TOT_P;NO_ANSWER_CALLS_P;MONTH_VOICE_OUT_C;DURATION_ALL_IN_A;DURATION_ALL_OUT_A;DURATION_ALL_INOUT_C;SETUP_TIME_AVG_A;SETUP_FAILURE_PERC_A;DROPPED_CALLS_PERC_A;MO_MOS_AVG_A;RECHARGES_MONTH_A;NR_RECHARGES_MONTH_A;TIPO_M1;PAQ_DATOS_M1;PAQ_990_M1;PAQ_MIN_M1;PAQ_BUND_M1;CONSUMO_GRANEL_M1;CONSUMOS_VOZ_M1;VLR_CARGAS_M1;CANT_CARGAS_M1;PYP_M1;PROMO_RECARGA_M1;DIA_SORPRESA_M1;MAX_RECH;TARGET
SUB1;Más de 2 años;De 36 a 45 años;MasculiNO;UNIÓN LIBRE;Costa;8;8;8;8;SI;SI;2G;NO;Network 3G;4;5;2975;127;701202593;298797407;54252639;1;8955392636;2748645511;-1;2082459951;1141640867;122871517;3653558824;15000;75;FACIL;1;1;0;0;1;1;37000;17;0;0;0;PAQ_MIN;0
SUB2;Más de 2 años;De 56 a 65 años;MasculiNO;SOLTERO (A);Suroccidente;10;10;10;6;NO;NO;2G;NO;Network 2G;0;0;45;185;161111111;838888889;105555556;1;4058134921;76875;1;15;0;0;29825;0;0;FACIL;0;0;0;0;0;0;0;0;0;0;0;PAQ_DATOS;0
SUB3;Más de 2 años;De 46 a 55 años;FemeniNO;UNIÓN LIBRE;Centro;8;8;7;8;NO;NO;3G;NO;Network 3G;5;4;292;1625;642247893;357752107;20887823;1;4113237522;7765039404;-1;1831511043;1371809779;182810096;3627094595;15000;15;AMIGO;0;0;0;0;0;1;30000;3;1;0;0;CONSUMOS_VOZ;1
SUB4;Más de 2 años;De 26 a 35 años;FemeniNO;DIVORCIADO (A);Centro;5;8;5;9;NO;SI;3G;NO;Network 3G;0;13;108;1665;384714382;615285618;317507093;-1;5618739837;763891097;1;1340277778;337837838;0;3266333333;2000;15;FACIL;0;1;0;0;0;0;3000;2;0;0;0;PAQ_990;0
SUB5;Más de 2 años;De 36 a 45 años;FemeniNO;UNIÓN LIBRE;Centro;8;9;9;9;NO;NO;LTE;SI;Network 3G;4;6;1555;211;42501303;57498697;43660189;1;6861552922;2962907829;1;2516663728;4910980492;662322174;3581067194;14500;5;AMIGO;0;1;0;0;0;1;20000;9;0;0;0;PAQ_990;0
SUB6;Más de 2 años;De 26 a 35 años;FemeniNO;SOLTERO (A);Suroccidente;8;5;3;6;SI;SI;2G;NO;Network 2G;1;2;2055;1475;576936959;423063041;29764981;-1;7171019108;1662476499;-1;3840704341;3436077578;60483871;2764296311;23000;11;AMIGO;0;0;0;0;0;1;23000;12;0;0;0;CONSUMOS_VOZ;1
SUB7;Más de 2 años;De 26 a 35 años;MasculiNO;SOLTERO (A);Costa;8;10;10;10;SI;SI;3G;NO;Network 3G;1;2;57;495;46150748;53849252;1858458;-1;855742019;4269072165;1;3403932584;2022437841;3972104306;3438938953;24500;8;AMIGO;0;1;0;0;1;1;7000;3;0;0;0;PAQ_990;0
SUB8;Más de 2 años;Más de 66;MasculiNO;CASADO (A);Centro;5;5;5;5;NO;NO;3G;NO;Network 3G;0;0;195;29;399204244;600795756;12820513;-1;1194166667;742625;-1;1616666667;0;3333333333;3968333333;10000;1;AMIGO;0;1;0;0;0;1;0;0;0;0;0;CONSUMOS_VOZ;1
SUB9;Más de 2 años;De 56 a 65 años;MasculiNO;CASADO (A);Noroccidente;6;9;9;6;NO;NO;3G;NO;Network 3G;0;5;925;775;548128342;451871658;37730244;1;8721048999;3880321637;1;4221590909;1081871345;7660818713;2650625;15000;3;AMIGO;0;1;0;0;1;1;15000;3;0;0;0;CONSUMOS_VOZ;0
SUB10;Más de 2 años;De 36 a 45 años;MasculiNO;CASADO (A);Centro;9;8;7;8;SI;SI;LTE;SI;Network 3G;1;2;995;1085;474767072;525232928;12256326;1;8820308516;2622816344;-1;3169318182;2136752137;3111319575;3655785714;7500;15;FACIL;0;0;0;0;1;1;22000;2;0;0;0;CONSUMO_GRANEL;0
SUB11;Más de 2 años;De 18 a 25 años;FemeniNO;SOLTERO (A);Noroccidente;7;4;2;2;NO;SI;3G;NO;Network 3G;7;4;436;237;647557022;352442978;30408032;-1;8379209518;1240889925;1;25784815;2657654097;1998313437;3670143416;34500;13;AMIGO;0;1;0;0;1;1;34000;16;0;0;0;PAQ_990;1
SUB12;Más de 2 años;De 18 a 25 años;MasculiNO;SOLTERO (A);Noroccidente;9;9;7;9;SI;NO;3G;NO;Network 3G;0;0;2;2;285714286;714285714;0;1;2616666667;31;1;45;0;0;250;500;5;AMIGO;0;0;0;0;0;1;1000;1;0;1;0;CONSUMOS_VOZ;0
SUB13;Más de 2 años;De 26 a 35 años;FemeniNO;CASADO (A);Noroccidente;10;10;10;10;SI;SI;3G;NO;Network 3G;13;15;462;4285;519661664;480338336;5810224;1;1002853566;6493969949;1;2102502048;238482205;437825467;3356769006;16000;12;FACIL;1;0;1;0;1;1;14000;13;0;0;0;CONSUMO_GRANEL;0
SUB14;Más de 2 años;De 26 a 35 años;FemeniNO;UNIÓN LIBRE;Centro;1;2;2;5;NO;NO;LTE;SI;Network 3G;0;2;525;183;225334678;774665322;20273244;-1;8541363706;9346363636;-1;1517507003;2909090909;3;3289722222;10500;55;AMIGO;1;1;0;0;1;1;9000;5;0;0;0;PAQ_DATOS;1
SUB15;Más de 2 años;De 18 a 25 años;FemeniNO;CASADO (A);Noroccidente;6;10;10;10;SI;SI;LTE;NO;Network 3G;17;15;2815;1715;65105894;34894106;19725242;1;1421860136;4445459008;1;2928871131;1810467933;2044498279;3453353535;42500;25;FACIL;0;0;0;0;0;1;31000;1;0;1;0;CONSUMOS_VOZ;1
SUB16;Más de 2 años;De 36 a 45 años;MasculiNO;SOLTERO (A);Noroccidente;9;8;6;7;NO;NO;2G;NO;Network 2G;1;0;114;1715;39876741;60123259;28589917;1;6359803219;1106296526;-1;1552466407;0;0;2913035714;7000;55;AMIGO;0;0;0;0;0;1;7000;7;0;0;0;CONSUMOS_VOZ;0
SUB17;Más de 2 años;De 46 a 55 años;MasculiNO;DIVORCIADO (A);Noroccidente;5;10;10;10;SI;SI;LTE;SI;Network 3G;3;1;2295;1545;594537544;405462456;54046705;-1;7601792525;2591364521;1;2797081545;2420735266;2181482202;3650693878;29500;75;AMIGO;0;1;0;0;1;1;22000;3;0;0;0;PAQ_990;0
SUB18;Más de 2 años;De 18 a 25 años;MasculiNO;UNIÓN LIBRE;Centro;8;7;8;8;SI;SI;3G;NO;Network 3G;4;6;186;4615;281804787;718195213;25596437;1;3453539951;1716342817;-1;1805346351;353573907;1217904233;3541794671;19000;65;FACIL;1;1;1;0;0;1;33000;9;0;0;0;PAQ_DATOS;1
SUB19;Más de 2 años;De 26 a 35 años;FemeniNO;CASADO (A);Suroccidente;4;9;7;6;NO;NO;3G;NO;Network 3G;1;1;1025;255;735015399;264984601;156440022;1;6761342593;2148598485;1;6215468037;1515151515;1553030303;341;5000;25;FACIL;0;0;0;0;0;1;2000;1;0;0;0;CONSUMOS_VOZ;1
SUB20;Entre 2 meses y 6 meses;De 26 a 35 años;MasculiNO;CASADO (A);Costa;8;7;9;9;NO;SI;LTE;SI;Network 3G;1;1;1205;2055;368187937;631812063;24419404;-1;7515111869;199325431;1;2945726496;1724137931;344827586;3523017903;38000;19;FACIL;0;1;0;0;1;1;44000;19;0;0;0;PAQ_990;0
SUB21;Más de 2 años;De 36 a 45 años;MasculiNO;CASADO (A);Suroccidente;7;8;10;10;NO;NO;3G;NO;Network 3G;0;0;45;158;225264951;774735049;15258187;-1;5769832916;100298656;1;2041666667;3459432554;0;3432461538;7500;35;AMIGO;0;1;0;0;1;1;8000;4;0;0;0;PAQ_990;0
SUB22;Más de 2 años;De 18 a 25 años;MasculiNO;CASADO (A);Centro;10;10;10;10;NO;SI;3G;NO;Network 3G;1;0;121;51;727585383;272414617;3663721;1;4538095238;4410768952;-1;2031873614;5230504483;138121547;3084230769;18000;3;AMIGO;0;1;0;0;1;1;13000;3;0;0;0;CONSUMO_GRANEL;0
SUB23;Más de 2 años;De 36 a 45 años;MasculiNO;CASADO (A);Costa;10;10;10;10;SI;SI;3G;NO;Network 2G;2;8;1155;1035;52764804;47235196;27397832;1;4474090565;6986826166;1;2040221088;393700787;2930042399;3341763636;7000;6;AMIGO;0;0;1;0;0;1;10000;8;0;1;0;PAQ_MIN;0
SUB24;Más de 2 años;De 18 a 25 años;FemeniNO;SOLTERO (A);Oriente;9;5;7;10;SI;NO;3G;NO;Network 3G;9;1;2645;1055;717439537;282560463;35359546;1;5728258637;2575808251;1;4580553289;378376059;1891880293;3017874707;11000;65;FACIL;1;0;0;0;1;1;19000;11;0;0;0;CONSUMO_GRANEL;0
SUB25;Más de 2 años;De 18 a 25 años;FemeniNO;SOLTERO (A);Noroccidente;7;9;9;10;NO;SI;3G;NO;Network 3G;2;1;1275;2095;383028094;616971906;31605619;1;8256477043;5000363211;-1;2852237105;1973036198;1929943364;3178333333;19500;95;AMIGO;1;1;0;0;1;1;19000;13;0;0;0;PAQ_DATOS;1
SUB26;Más de 2 años;De 18 a 25 años;FemeniNO;UNIÓN LIBRE;Centro;4;6;2;2;NO;SI;3G;NO;Network 3G;1;0;49;107;29496858;70503142;22500105;-1;5457783019;1489826087;1;3596917808;0;3333333333;3690333333;25000;6;FACIL;1;0;0;0;1;1;23000;5;0;0;0;PAQ_DATOS;1
SUB27;Más de 2 años;De 46 a 55 años;FemeniNO;UNIÓN LIBRE;Noroccidente;8;6;4;4;NO;NO;2G;NO;Network 2G;0;0;385;23;446592398;553407602;81585845;-1;1134428571;3338963964;1;2537878788;0;675675676;3391034483;3000;15;AMIGO;0;0;0;0;0;1;2000;1;0;1;0;CONSUMOS_VOZ;1
SUB28;Más de 2 años;De 26 a 35 años;FemeniNO;UNIÓN LIBRE;Suroccidente;10;10;10;10;NO;NO;3G;NO;Network 3G;0;0;135;1795;71165678;928834322;34195781;1;2018242486;8392857143;-1;2;260989011;0;3039090909;500;5;FACIL;0;0;0;0;0;0;0;0;0;0;0;CONSUMOS_VOZ;0
SUB29;Más de 2 años;De 56 a 65 años;FemeniNO;CASADO (A);Centro;7;7;8;8;SI;NO;3G;NO;Network 3G;4;6;157;85;646402503;353597497;49913104;-1;752559922;1772960373;1;1885905874;549450549;378787879;3442962963;3000;25;AMIGO;0;0;0;0;0;1;1000;1;0;0;0;CONSUMOS_VOZ;1
SUB30;Más de 2 años;De 26 a 35 años;MasculiNO;CASADO (A);Centro;8;9;7;7;NO;SI;3G;NO;Network 3G;3;9;287;2285;552484166;447515834;65811431;-1;6651646804;4728408394;-1;1818333662;1523119108;1288985714;3349039329;26500;14;AMIGO;0;1;1;0;1;1;24000;14;0;0;0;PAQ_990;0
SUB31;Más de 2 años;De 46 a 55 años;FemeniNO;SOLTERO (A);Centro;9;9;9;9;NO;NO;2G;NO;Network 2G;0;1;90;222;288461538;711538462;65705128;1;1338336077;5931537598;-1;1480624214;0;1627384961;32875;2000;15;AMIGO;0;0;0;0;0;1;2000;2;0;0;0;CONSUMOS_VOZ;0
SUB32;Más de 2 años;De 46 a 55 años;MasculiNO;UNIÓN LIBRE;Costa;7;3;4;8;NO;SI;2G;NO;Network 2G;11;15;6155;8515;421579782;578420218;41027423;1;3837869848;281260988;-1;307007874;1519580146;432050808;3086966279;85500;17;FACIL;0;0;1;0;1;1;85000;19;0;0;1;PAQ_MIN;0
SUB33;Más de 2 años;De 56 a 65 años;FemeniNO;CASADO (A);Centro;7;4;8;2;NO;NO;2G;NO;Network 2G;0;0;13;13;351351351;648648649;40540541;1;824969697;2642307692;-1;1608695652;0;7692307692;2785;2000;15;AMIGO;0;0;0;0;0;1;0;0;0;0;0;CONSUMOS_VOZ;1
SUB34;Más de 2 años;De 18 a 25 años;FemeniNO;UNIÓN LIBRE;Costa;9;9;10;9;SI;NO;3G;NO;Network 3G;1;1;425;65;365391897;634608103;50265051;-1;7573914093;1029038462;1;3107142857;0;1538461538;3635714286;8500;2;FACIL;1;1;0;0;1;1;4000;2;0;0;0;PAQ_DATOS;0
SUB35;Más de 2 años;De 26 a 35 años;MasculiNO;SOLTERO (A);Costa;1;10;1;10;SI;SI;3G;NO;Network 3G;4;8;9665;3135;755787504;244212496;10056934;1;2663700877;9621454029;1;2426753115;834928568;988617092;3227914226;18500;17;FACIL;1;0;0;0;1;1;11000;10;0;0;0;CONSUMO_GRANEL;1
SUB36;Más de 2 años;De 26 a 35 años;FemeniNO;SOLTERO (A);Suroccidente;8;10;6;9;SI;SI;LTE;SI;Network 3G;0;3;81;191;297048149;702951851;6969074;1;1384124843;4541020025;1;3584375;326971214;1267209011;3714216216;23875;10;AMIGO;1;0;0;1;1;1;28000;9;0;0;0;PAQ_DATOS;0
SUB37;Más de 2 años;De 26 a 35 años;FemeniNO;VIUDO (A);Costa;4;3;2;2;NO;SI;3G;NO;Network 3G;0;0;105;5;95;5;91666667;1;0;5069444444;-1;2619318182;0;0;326;10000;75;FACIL;1;1;0;0;0;1;8000;7;0;0;0;PAQ_DATOS;1
SUB38;Más de 2 años;De 18 a 25 años;MasculiNO;SOLTERO (A);Centro;8;8;9;9;NO;SI;3G;NO;Network 3G;4;1;72;205;772210471;227789529;28622422;-1;9577307692;1387380213;1;1713478819;3194321207;2107364685;3640517857;200000;6;AMIGO;1;0;0;0;0;0;81000;4;0;0;0;PAQ_DATOS;1
SUB39;Más de 2 años;De 46 a 55 años;FemeniNO;UNIÓN LIBRE;Oriente;8;10;10;10;NO;NO;3G;NO;Network 3G;2;2;112;232;323277467;676722533;63441679;-1;6150990246;1651737968;1;2198289053;5581550802;0;3216666667;14500;65;FACIL;0;0;0;0;1;1;14000;6;0;0;0;CONSUMO_GRANEL;0
SUB40;Más de 2 años;De 46 a 55 años;MasculiNO;CASADO (A);Centro;8;9;7;8;NO;SI;LTE;SI;Network 2G;0;0;85;355;201923077;798076923;106837607;1;7455260943;1351388889;1;1142857143;0;0;164;0;0;AMIGO;0;0;0;0;0;0;0;0;0;0;0;CONSUMOS_VOZ;0
SUB41;Más de 2 años;De 56 a 65 años;MasculiNO;CASADO (A);Centro;7;7;2;4;SI;NO;2G;NO;Network 2G;3;3;304;1855;622565541;377434459;27496919;1;5593896568;486893594;-1;3251429879;3204635295;4260572914;3180892857;30500;6;AMIGO;0;0;0;0;0;1;20000;3;0;0;0;CONSUMOS_VOZ;1
SUB42;Entre 1 y 2 años;De 26 a 35 años;FemeniNO;UNIÓN LIBRE;Centro;5;7;8;8;NO;NO;LTE;SI;Network 3G;1;3;128;101;560493579;439506421;9189406;1;7488405195;4748831044;1;1580677428;2130309805;64516129;3453892157;17500;35;FACIL;0;1;0;0;0;1;2000;1;0;1;0;PAQ_990;1
SUB43;Más de 2 años;De 18 a 25 años;MasculiNO;SOLTERO (A);Centro;1;7;1;10;SI;SI;3G;NO;Network 3G;1;1;505;154;244838616;755161384;48984685;1;5025416667;2234166667;1;2122130102;1666666667;25;3578571429;3000;15;AMIGO;0;0;0;0;0;1;0;0;0;0;0;CONSUMOS_VOZ;1
SUB44;Más de 2 años;De 26 a 35 años;FemeniNO;UNIÓN LIBRE;Costa;9;9;9;9;SI;NO;2G;NO;Network 2G;0;0;109;74;603105347;396894653;4047182;-1;6572956731;451918531;-1;2635384615;0;1840439004;3334263158;7000;35;FACIL;0;0;0;0;0;1;2000;1;0;0;0;CONSUMOS_VOZ;0
SUB45;Más de 2 años;De 36 a 45 años;FemeniNO;CASADO (A);Centro;6;5;4;3;NO;SI;3G;NO;Network 3G;1;11;271;230;540179144;459820856;26723337;-1;673214042;4801513404;-1;3667692658;7102834542;168918919;3744166667;10500;4;AMIGO;1;0;0;0;1;1;15000;4;0;0;0;PAQ_990;1
SUB46;Más de 2 años;De 36 a 45 años;FemeniNO;CASADO (A);Centro;4;5;5;5;NO;NO;3G;NO;Network 2G;0;0;815;745;416716467;583283533;116287282;-1;7476836471;1938435374;1;2481751825;1020408163;680272109;29065;6500;2;FACIL;0;0;0;0;0;0;0;0;0;0;0;CONSUMOS_VOZ;0
SUB47;Más de 2 años;De 36 a 45 años;FemeniNO;UNIÓN LIBRE;Centro;8;8;5;8;NO;NO;3G;NO;Network 3G;0;0;47;38;556491228;443508772;5263158;1;7197455197;6903818182;-1;1796421663;2;0;3646928571;9500;45;FACIL;0;0;0;0;0;1;8000;4;0;0;0;CONSUMOS_VOZ;0
SUB48;Más de 2 años;De 36 a 45 años;MasculiNO;UNIÓN LIBRE;Suroccidente;9;9;10;9;SI;SI;LTE;SI;Network 3G;0;2;245;42;366915423;633084577;8299412;-1;4933416928;1255227273;1;303030303;2631578947;0;3054444444;10000;15;AMIGO;0;0;0;0;1;1;5000;1;0;0;0;CONSUMOS_VOZ;0
SUB49;Más de 2 años;De 36 a 45 años;MasculiNO;SOLTERO (A);Suroccidente;8;10;7;10;NO;SI;3G;NO;Network 3G;1;7;1265;1335;491956041;508043959;2945675;1;5953348704;1903672912;1;2934086629;1701795472;1260733802;3469469697;24500;35;AMIGO;0;1;0;0;1;0;35000;5;1;0;0;PAQ_990;0
SUB50;Más de 2 años;De 18 a 25 años;MasculiNO;SOLTERO (A);Oriente;8;10;8;7;NO;SI;LTE;SI;Network 3G;2;3;113;77;614759697;385240303;37708041;1;5651078431;338978022;1;4787575758;5088389871;0;3628117816;8000;35;FACIL;1;1;0;0;1;1;23000;9;0;0;0;PAQ_990;0
SUB51;Más de 2 años;De 36 a 45 años;FemeniNO;CASADO (A);Suroriente;5;6;5;6;NO;NO;3G;NO;Network 3G;1;4;290;283;505996995;494003005;14054448;1;8379951645;9860304143;1;2373958556;2728167459;381679389;3590758674;29500;13;AMIGO;1;1;0;0;1;1;36000;14;0;0;0;PAQ_990;1
SUB52;Más de 2 años;De 46 a 55 años;MasculiNO;UNIÓN LIBRE;Centro;5;8;7;2;NO;NO;3G;NO;Network 3G;3;8;5245;3955;571592842;428407158;45010049;1;445101209;3293498713;1;1651375465;666215497;472249342;3642359184;69000;175;AMIGO;0;0;0;0;0;1;53000;20;0;0;0;CONSUMOS_VOZ;1
SUB53;Más de 2 años;De 46 a 55 años;FemeniNO;UNIÓN LIBRE;Centro;6;5;9;9;SI;NO;2G;NO;Network 2G;6;5;435;222;662342395;337657605;39766475;-1;9523967213;3842680569;-1;234644682;2044402788;1596806919;376125;30500;135;FACIL;0;0;0;0;0;1;28000;12;0;0;0;CONSUMO_GRANEL;1
SUB54;Más de 2 años;De 26 a 35 años;FemeniNO;UNIÓN LIBRE;Centro;7;8;5;7;NO;NO;3G;NO;Network 2G;2;1;19;92;163501742;836498258;140592334;-1;5581877103;8671717172;-1;1333333333;0;0;2645;0;0;AMIGO;0;0;0;0;0;1;1000;1;0;1;0;PAQ_DATOS;0
SUB55;Más de 2 años;De 36 a 45 años;FemeniNO;SOLTERO (A);Costa;9;10;10;10;SI;SI;3G;NO;Network 3G;1;8;5475;2855;681348282;318651718;37691409;-1;1202872276;4096594618;1;2796074307;2778880642;586630149;3511113966;46500;30;FACIL;1;0;1;0;1;1;29000;13;0;0;0;PAQ_DATOS;0
SUB56;Más de 2 años;De 36 a 45 años;FemeniNO;UNIÓN LIBRE;Centro;9;10;10;7;SI;NO;2G;NO;Network 3G;2;11;425;2715;608451373;391548627;13691926;1;1083425446;3924489956;1;2764527758;1535176217;952829343;363;34500;75;FACIL;1;1;0;0;1;1;64000;17;0;0;0;PAQ_DATOS;0
SUB57;Más de 2 años;De 46 a 55 años;MasculiNO;CASADO (A);Costa;8;6;10;9;NO;NO;3G;NO;Network 2G;1;16;2595;150;628868234;371131766;2736468;-1;6751068376;3200480814;-1;3289588594;2304669441;1447064263;325004715;38000;5;AMIGO;1;1;1;1;1;1;60000;9;1;1;0;PAQ_DATOS;0
SUB58;Más de 2 años;De 18 a 25 años;FemeniNO;SOLTERO (A);Oriente;8;7;7;8;SI;SI;3G;NO;Network 3G;5;0;805;106;379647861;620352139;40571753;-1;7512815445;197017094;1;2624015748;1111111111;1851851852;36275;15500;125;FACIL;1;0;0;0;1;1;8000;5;0;0;0;PAQ_DATOS;1
SUB59;Más de 2 años;De 46 a 55 años;FemeniNO;SOLTERO (A);Suroccidente;7;5;8;6;NO;NO;2G;NO;Network 2G;1;1;280;1415;656889242;343110758;23529412;-1;9200841674;3765788753;1;2049576124;347401842;949761191;3116282051;56500;26;AMIGO;0;0;0;0;0;1;19000;9;0;0;0;CONSUMOS_VOZ;1
SUB60;Más de 2 años;De 46 a 55 años;FemeniNO;CASADO (A);Centro;7;8;6;6;NO;NO;2G;NO;Network 2G;1;3;935;61;602881894;397118106;57616434;1;379703159;1849935065;1;2071365832;649350649;2207792208;31825;8000;25;AMIGO;0;0;0;0;0;1;7000;2;0;0;0;CONSUMOS_VOZ;0
SUB61;Más de 2 años;De 56 a 65 años;MasculiNO;UNIÓN LIBRE;Costa;9;10;10;9;SI;SI;LTE;SI;Network 3G;6;5;225;585;199346405;800653595;45751634;-1;9927809633;10875;-1;1516666667;1136363636;3409090909;2616;500;5;AMIGO;0;0;0;1;0;1;36000;6;0;0;0;CONSUMOS_VOZ;0
SUB62;Más de 2 años;De 36 a 45 años;FemeniNO;CASADO (A);Costa;8;8;9;8;NO;NO;2G;NO;Network 2G;7;16;4825;151;759835893;240164107;28052458;-1;5299069196;3258017598;1;5754541141;606716003;1235364116;2802525063;8500;85;FACIL;0;0;0;0;0;1;9000;9;0;0;0;CONSUMOS_VOZ;0
SUB63;Más de 2 años;De 18 a 25 años;FemeniNO;UNIÓN LIBRE;Suroccidente;8;8;8;9;SI;SI;3G;NO;Network 3G;0;0;715;78;483596874;516403126;86559433;-1;9679701441;466382687;-1;1883559578;2027027027;0;36043125;5000;5;AMIGO;0;0;0;0;1;1;2000;2;0;0;0;CONSUMO_GRANEL;0
SUB64;Más de 2 años;De 26 a 35 años;MasculiNO;UNIÓN LIBRE;Costa;8;10;10;8;SI;SI;LTE;SI;Network 3G;0;1;3105;108;744237347;255762653;34564323;-1;4969072441;4310274403;-1;2405428025;2078969418;943653121;3670015024;41500;135;FACIL;1;0;0;0;1;1;20000;7;0;0;0;PAQ_DATOS;0
SUB65;Más de 2 años;De 18 a 25 años;MasculiNO;SOLTERO (A);Noroccidente;10;9;8;9;SI;SI;3G;NO;Network 3G;3;21;6165;636;493974175;506025825;34136777;-1;1444375511;7768255631;1;3069483294;1783946252;2105048417;3465;32000;14;FACIL;1;1;0;0;1;1;33000;14;0;0;0;PAQ_DATOS;0
SUB66;Más de 2 años;De 46 a 55 años;MasculiNO;NO RESPONDE;Suroccidente;5;7;7;7;SI;SI;3G;NO;Network 3G;3;9;222;239;476655757;523344243;30121294;1;6463525053;1719214559;-1;3009803922;1315453384;925925926;3572052145;23000;35;FACIL;0;0;0;0;1;1;22000;3;0;0;0;CONSUMO_GRANEL;1
SUB67;Entre 2 meses y 6 meses;De 18 a 25 años;FemeniNO;SOLTERO (A);Noroccidente;6;7;5;7;SI;SI;LTE;SI;Network 3G;0;7;69;775;463476874;536523126;39154705;1;6377876434;6079166667;-1;2669753086;625;1041666667;3673133903;25000;4;FACIL;0;1;0;1;1;1;25000;4;0;0;0;PAQ_990;1
SUB68;Más de 2 años;De 36 a 45 años;FemeniNO;SOLTERO (A);Noroccidente;10;10;5;5;NO;SI;3G;NO;Network 3G;1;7;69;845;450488323;549511677;124883227;-1;1270218591;1513851351;1;4244680851;6714527027;2238175676;2719125;7500;5;AMIGO;0;0;0;0;0;1;4000;2;0;0;0;CONSUMO_GRANEL;0
SUB69;Más de 2 años;De 26 a 35 años;FemeniNO;SOLTERO (A);Centro;7;10;10;10;SI;NO;LTE;SI;Network 3G;6;4;1985;206;490245502;509754498;64955022;1;4967303762;312672853;1;1778359511;3294603868;1547878977;3624880952;17000;155;FACIL;1;1;0;0;1;1;21000;17;0;0;0;PAQ_DATOS;0
SUB70;Más de 2 años;De 46 a 55 años;FemeniNO;SOLTERO (A);Centro;2;1;5;5;SI;NO;3G;NO;Network 2G;8;6;1425;146;489204531;510795469;19353759;1;7633689024;4071896104;1;226183432;1194805195;3415584416;3035606759;14500;6;AMIGO;0;1;0;0;0;1;15000;5;0;0;0;CONSUMOS_VOZ;1
SUB71;Más de 2 años;De 36 a 45 años;FemeniNO;NO RESPONDE;Suroccidente;8;2;2;6;NO;NO;LTE;SI;Network 3G;5;16;495;1185;805092997;194907003;23753682;1;4427300879;6497595411;-1;5562651422;2001860042;724659027;3547882576;18000;75;AMIGO;0;0;1;0;0;1;27000;9;0;0;0;PAQ_990;1
SUB72;Más de 2 años;De 26 a 35 años;MasculiNO;UNIÓN LIBRE;Costa;7;10;9;10;SI;SI;3G;NO;Network 3G;0;18;64;555;489866909;510133091;97738959;1;1284061278;3776428571;-1;1963036566;95;1;3494482759;4500;35;AMIGO;0;0;0;0;1;1;9000;6;0;0;0;CONSUMOS_VOZ;1
SUB73;Más de 2 años;De 36 a 45 años;MasculiNO;CASADO (A);Centro;3;8;8;9;NO;NO;3G;NO;Network 3G;1;0;56;1515;264539808;735460192;8152174;-1;1384226284;3691527778;-1;1881193694;0;2083333333;3535563636;10000;1;AMIGO;0;0;0;0;1;1;10000;1;0;0;0;CONSUMO_GRANEL;1
SUB74;Más de 2 años;De 26 a 35 años;MasculiNO;UNIÓN LIBRE;Suroccidente;10;10;10;10;SI;SI;3G;NO;Network 3G;3;16;258;105;709981554;290018446;38578033;-1;2101916667;8250612495;-1;2793686985;6442538905;780363867;3609692074;40000;55;AMIGO;1;0;0;0;1;1;35000;7;0;1;0;PAQ_DATOS;1
SUB75;Más de 2 años;De 56 a 65 años;FemeniNO;SOLTERO (A);Centro;7;9;10;8;NO;NO;3G;NO;Network 3G;1;0;485;29;582380952;417619048;172857143;-1;5468936679;1089012926;1;313015873;1351351351;675675676;3779275362;13500;4;AMIGO;0;1;0;0;0;1;7000;3;0;0;0;PAQ_990;1
SUB76;Más de 2 años;De 46 a 55 años;FemeniNO;SOLTERO (A);Oriente;10;4;8;7;SI;NO;2G;NO;Network 2G;10;18;490;1655;747448837;252551163;53304408;1;5807280561;1027229167;1;4326293818;4120833333;23625;2794388889;26000;12;AMIGO;0;0;0;0;0;1;23000;11;0;0;0;CONSUMOS_VOZ;0
SUB77;Más de 2 años;De 26 a 35 años;FemeniNO;SOLTERO (A);Centro;6;7;6;7;NO;SI;3G;NO;Network 3G;6;8;64;113;364402658;635597342;53785054;1;1852253114;4470735294;1;2943439716;2303921569;6617647059;3228571429;15500;45;FACIL;1;0;0;1;1;1;17000;5;0;0;0;CONSUMOS_VOZ;1
SUB78;Más de 2 años;De 26 a 35 años;FemeniNO;CASADO (A);Centro;7;10;10;10;SI;NO;3G;NO;Network 3G;16;25;285;2045;578705823;421294177;47482146;1;1248066469;3669169231;-1;4267264808;3507692308;2102564103;343910119;27500;8;AMIGO;0;0;1;1;1;1;30000;8;0;0;0;PAQ_990;1
SUB79;Más de 2 años;De 36 a 45 años;FemeniNO;SOLTERO (A);Centro;7;8;8;7;SI;NO;LTE;SI;Network 3G;1;5;148;232;3890828;6109172;25007618;1;6727174875;3307263923;1;1716122246;3809998576;985139819;3173062397;15000;15;AMIGO;0;0;0;0;0;1;30000;3;1;1;0;CONSUMOS_VOZ;1
SUB80;Más de 2 años;De 26 a 35 años;MasculiNO;SOLTERO (A);Costa;7;10;10;10;NO;SI;3G;NO;Network 3G;0;1;75;335;177798392;822201608;132034632;-1;3716666667;45;1;2375;0;0;336;12000;25;FACIL;1;0;0;0;0;1;27000;3;0;0;0;CONSUMOS_VOZ;1
SUB81;Más de 2 años;De 26 a 35 años;FemeniNO;UNIÓN LIBRE;Centro;7;8;7;8;SI;NO;3G;NO;Network 3G;6;10;120;66;644377257;355622743;46379194;-1;4014371953;4305797511;-1;2039492754;5373303167;84841629;2430922481;19500;65;AMIGO;0;0;0;0;0;1;18000;4;0;0;0;CONSUMOS_VOZ;1
SUB82;Más de 2 años;De 36 a 45 años;MasculiNO;UNIÓN LIBRE;Centro;4;4;4;4;NO;NO;2G;NO;Network 3G;6;11;82;1205;40662533;59337467;113050483;1;831919986;1253303303;-1;186516129;5915915916;6081081081;3475888889;11500;95;AMIGO;1;1;0;0;0;1;9000;5;0;0;0;PAQ_DATOS;1
SUB83;Más de 2 años;De 26 a 35 años;FemeniNO;CASADO (A);Centro;1;6;5;5;SI;SI;3G;NO;Network 3G;0;4;865;99;480189317;519810683;49391481;1;5905671529;1865088496;1;1904502721;1270648968;1275811209;3604583333;13500;65;AMIGO;1;0;1;1;0;1;16000;8;0;0;0;PAQ_DATOS;1
SUB84;Entre 2 meses y 6 meses;De 18 a 25 años;FemeniNO;SOLTERO (A);Costa;8;9;9;1;NO;NO;3G;NO;Network 3G;0;0;75;143;5267445;94732555;29369174;1;549974778;25;1;175;5555555556;0;342;7000;35;FACIL;1;0;0;0;0;0;2000;1;0;0;0;PAQ_DATOS;0
SUB85;Más de 2 años;De 56 a 65 años;FemeniNO;SOLTERO (A);Centro;9;10;10;9;NO;NO;LTE;SI;Network 3G;0;0;15;655;23076923;976923077;7692308;-1;8710530622;9833333333;-1;1;0;0;3573333333;1500;1;AMIGO;0;0;0;0;0;0;3000;2;0;0;0;PAQ_DATOS;0
SUB86;Más de 2 años;De 26 a 35 años;MasculiNO;UNIÓN LIBRE;Centro;5;5;5;7;SI;NO;LTE;SI;Network 3G;12;3;309;189;622290208;377709792;17855163;-1;1022350347;4266288618;-1;1475913274;1564887116;2656594806;3460326087;9500;25;FACIL;0;0;0;0;1;1;9000;4;0;0;0;CONSUMO_GRANEL;1
SUB87;Más de 2 años;De 36 a 45 años;FemeniNO;CASADO (A);Suroccidente;4;4;2;4;SI;SI;3G;NO;Network 3G;0;0;1505;1935;422661871;577338129;32102123;-1;6207160279;7893216463;1;3537170931;2017276423;125254065;3728982843;5000;25;AMIGO;0;1;0;0;1;1;4000;2;0;0;0;CONSUMOS_VOZ;1
SUB88;Más de 2 años;De 46 a 55 años;MasculiNO;SOLTERO (A);Noroccidente;10;10;10;10;SI;SI;3G;NO;Network 3G;1;7;436;254;63153491;36846509;39756918;-1;1020699119;2955008741;1;2316328671;5386800699;334353147;3431428571;37500;9;AMIGO;1;0;0;0;1;1;37000;11;0;0;0;PAQ_DATOS;1
SUB89;Más de 2 años;De 18 a 25 años;MasculiNO;UNIÓN LIBRE;Suroccidente;10;10;5;10;SI;NO;2G;NO;Network 2G;6;23;3095;234;560883443;439116557;35054572;-1;6587420347;3489066489;-1;366750583;2245532246;2589077589;2843577039;14750;15;FACIL;0;0;1;0;0;1;28000;4;0;0;0;PAQ_MIN;1
SUB90;Más de 2 años;De 18 a 25 años;MasculiNO;SOLTERO (A);Centro;6;5;5;5;SI;SI;LTE;SI;Network 3G;1;3;83;67;553333333;446666667;16666667;1;6616151291;8568501505;1;1696461313;3564074133;2249326786;3611307692;15000;6;FACIL;0;0;0;0;0;1;10000;5;0;0;0;PAQ_990;1
SUB91;Entre 1 y 2 años;De 26 a 35 años;MasculiNO;UNIÓN LIBRE;Costa;9;9;9;9;NO;NO;2G;NO;Network 2G;4;8;4635;104;774064733;225935267;51966033;1;6576866368;2915256758;1;301829774;1359084406;1368496348;3154941279;20000;10;FACIL;0;0;1;0;0;1;20000;10;0;0;0;CONSUMOS_VOZ;0
SUB92;Más de 2 años;De 26 a 35 años;FemeniNO;UNIÓN LIBRE;Centro;9;10;10;9;NO;SI;LTE;SI;Network 3G;2;2;1065;2045;347851071;652148929;60098447;1;8228409671;603021978;1;2149615998;4796433075;549450549;3352270833;35500;205;FACIL;0;1;0;0;1;1;7000;6;0;0;0;PAQ_990;0
SUB93;Más de 2 años;De 36 a 45 años;FemeniNO;UNIÓN LIBRE;Centro;10;10;10;10;NO;SI;3G;NO;Network 3G;8;14;2915;4605;375293703;624706297;25199718;1;8876945202;3454028684;-1;1690872451;2221819354;909811189;3622573864;20000;9;FACIL;1;1;0;0;1;1;31000;11;0;0;0;PAQ_990;0
SUB94;Más de 2 años;De 36 a 45 años;FemeniNO;UNIÓN LIBRE;Suroriente;8;9;9;10;SI;SI;LTE;SI;Network 3G;0;1;171;1265;575137909;424862091;35568141;-1;1102007086;1829767442;-1;3602050976;116621067;290697674;2355;9000;8;AMIGO;1;0;0;0;1;1;15000;13;0;0;0;CONSUMOS_VOZ;0
SUB95;Más de 2 años;De 46 a 55 años;FemeniNO;UNIÓN LIBRE;Suroccidente;9;8;9;7;NO;SI;3G;NO;Network 3G;1;1;2295;414;352639858;647360142;30301663;1;9813667911;1724398823;-1;224610357;9719185977;3109225327;3546357143;28500;9;AMIGO;1;1;0;0;1;1;22000;7;0;0;0;PAQ_990;0
SUB96;Más de 2 años;De 46 a 55 años;MasculiNO;UNIÓN LIBRE;Noroccidente;9;10;8;9;NO;NO;2G;NO;Network 2G;2;7;143;277;339058717;660941283;42888867;1;1637830065;3278076213;-1;1904907567;1733253529;1119756596;320139742;12500;15;AMIGO;0;0;0;0;0;1;30000;3;1;0;0;CONSUMOS_VOZ;0
SUB97;Más de 2 años;De 18 a 25 años;FemeniNO;VIUDO (A);Noroccidente;6;7;7;8;SI;NO;2G;NO;Network 2G;1;2;715;1685;297916667;702083333;1125;1;1349025889;2273769169;1;3708560119;1694915254;119047619;30025;5500;2;AMIGO;0;0;0;0;0;1;7000;2;0;0;0;CONSUMOS_VOZ;1
SUB98;Más de 2 años;De 18 a 25 años;FemeniNO;SOLTERO (A);Suroccidente;7;7;5;8;SI;NO;3G;NO;Network 3G;0;0;15;985;17190153;982809847;13157895;1;7986079982;20;-1;1;0;0;296;0;0;FACIL;0;0;0;0;0;0;0;0;0;0;0;PAQ_DATOS;1
SUB99;Entre 1 y 2 años;De 46 a 55 años;MasculiNO;SOLTERO (A);Noroccidente;4;8;9;6;NO;NO;2G;NO;Network 2G;0;1;665;16;805810171;194189829;33707865;1;6475098039;3037727687;1;2926339286;5487249545;441712204;3011503268;7500;4;FACIL;0;0;0;0;0;1;3000;3;0;1;0;CONSUMOS_VOZ;0
SUB100;Más de 2 años;De 18 a 25 años;FemeniNO;CASADO (A);Centro;5;5;7;7;SI;SI;LTE;SI;Network 3G;0;0;235;365;475979772;524020228;298988622;1;1180761905;13;-1;3138888889;4651162791;0;366;3500;1;FACIL;0;1;0;1;0;1;5000;1;0;0;0;PAQ_990;1
SUB101;Más de 2 años;De 46 a 55 años;MasculiNO;CASADO (A);Centro;10;10;10;10;SI;NO;3G;NO;Network 3G;3;6;561;1745;76271365;23728635;64483302;1;6425540976;2971493135;1;198415045;710335622;710335622;3310666322;20500;95;FACIL;0;0;0;0;0;1;18000;9;0;0;0;CONSUMOS_VOZ;0
SUB102;Más de 2 años;De 56 a 65 años;FemeniNO;CASADO (A);Centro;6;8;2;4;NO;NO;2G;NO;Network 2G;1;0;205;12;625;375;7;-1;5395;1491987179;1;1477272727;0;1923076923;3222619048;10000;1;AMIGO;0;0;0;0;0;1;0;0;0;0;0;CONSUMOS_VOZ;1
SUB103;Más de 2 años;De 26 a 35 años;MasculiNO;UNIÓN LIBRE;Centro;8;8;8;9;NO;NO;3G;NO;Network 3G;2;1;8;835;108333333;891666667;35714286;1;1376103896;1903571429;-1;125;0;0;281;0;0;AMIGO;0;0;0;0;0;1;4000;1;0;1;0;PAQ_DATOS;0
SUB104;Más de 2 años;Más de 66;MasculiNO;CASADO (A);Centro;3;6;4;4;NO;SI;LTE;SI;Network 3G;1;4;56;1135;326640927;673359073;30817831;-1;4958329448;5298061497;-1;3259887006;735294118;2205882353;336;22000;15;AMIGO;1;1;0;0;1;1;31000;2;0;0;0;PAQ_DATOS;1
SUB105;Más de 2 años;De 18 a 25 años;FemeniNO;UNIÓN LIBRE;Costa;9;9;9;9;NO;NO;2G;NO;Network 2G;3;0;139;63;687606197;312393803;35407296;-1;7541856594;3286427779;-1;2427679118;2201257862;943396226;3300214286;13500;2;AMIGO;0;0;0;0;0;1;10000;2;0;0;0;CONSUMOS_VOZ;0
SUB106;Más de 2 años;De 36 a 45 años;FemeniNO;DIVORCIADO (A);Oriente;9;10;10;8;NO;SI;3G;NO;Network 3G;4;0;415;87;182819383;817180617;22026432;1;1407263889;9590361446;-1;25;6024096386;2409638554;33745;3500;15;AMIGO;0;0;0;0;0;1;2000;1;0;0;0;CONSUMOS_VOZ;0
SUB107;Más de 2 años;De 46 a 55 años;MasculiNO;CASADO (A);Costa;3;10;10;9;SI;NO;2G;NO;Network 2G;5;4;332;168;661704372;338295628;96267568;-1;1659919115;2728252572;1;5220125786;1268958123;829490106;3126884304;47500;235;AMIGO;0;0;0;0;0;1;62000;27;1;0;0;CONSUMOS_VOZ;0
SUB108;Más de 2 años;Más de 66;FemeniNO;CASADO (A);Noroccidente;10;9;7;10;SI;NO;2G;NO;Network 3G;0;0;185;2105;73181181;926818819;62977099;1;1447168281;13625;-1;125;0;0;331;0;0;AMIGO;0;0;0;0;0;1;2000;1;0;0;0;PAQ_990;0
SUB109;Más de 2 años;De 26 a 35 años;MasculiNO;CASADO (A);Noroccidente;8;8;7;7;SI;NO;LTE;SI;Network 3G;0;0;26;208;98165761;901834239;5434783;-1;1177996637;5722765957;1;28;0;1063829787;372;11000;5;AMIGO;0;0;0;0;0;0;0;0;0;0;0;PAQ_990;1
SUB110;Más de 2 años;De 46 a 55 años;FemeniNO;CASADO (A);Suroccidente;9;10;9;8;SI;SI;3G;NO;Network 3G;0;3;855;159;352205137;647794863;36769179;-1;8488962374;2311247262;-1;2443764033;1056955093;1170591457;3574298701;17750;7;AMIGO;0;1;0;0;1;1;8000;4;0;0;0;PAQ_990;0
SUB111;Más de 2 años;De 46 a 55 años;MasculiNO;CASADO (A);Centro;3;4;4;2;NO;NO;2G;NO;Network 2G;4;8;525;72;421354839;578645161;8032258;1;1059972463;3121428571;-1;1614139344;1984126984;793650794;3385;2500;5;FACIL;0;0;0;0;0;1;5000;1;0;1;0;CONSUMOS_VOZ;1
SUB112;Más de 2 años;De 46 a 55 años;MasculiNO;CASADO (A);Centro;8;8;9;8;NO;NO;2G;NO;Network 2G;5;4;2235;105;684313725;315686275;82748025;-1;4398968971;1757511673;1;2662675375;186567164;373134328;2795;19500;3;AMIGO;0;0;0;0;0;1;20000;3;1;0;0;CONSUMOS_VOZ;0
SUB113;Más de 2 años;De 26 a 35 años;FemeniNO;UNIÓN LIBRE;Suroccidente;9;9;8;8;SI;NO;2G;NO;Network 3G;5;9;4955;115;810202636;189797364;102643262;-1;6225462963;2957532245;1;3636536847;1345844192;88809947;3590388584;19500;7;AMIGO;0;0;0;0;0;1;30000;10;0;0;0;CONSUMOS_VOZ;0
SUB114;Más de 2 años;De 26 a 35 años;FemeniNO;UNIÓN LIBRE;Centro;5;8;8;9;SI;SI;3G;NO;Network 3G;0;0;1;88;1;99;0;1;4674934589;26;1;15;0;0;370;0;0;FACIL;0;0;0;0;0;0;0;0;0;0;0;PAQ_DATOS;1
SUB115;Más de 2 años;De 46 a 55 años;FemeniNO;CASADO (A);Suroccidente;1;3;4;6;NO;NO;3G;NO;Network 3G;2;1;111;83;571328596;428671404;62661499;1;1095517216;2460371134;-1;2295518207;36;16;3624834776;15000;75;AMIGO;0;0;0;0;0;1;6000;3;0;0;0;CONSUMOS_VOZ;1
SUB116;Más de 2 años;De 26 a 35 años;FemeniNO;CASADO (A);Noroccidente;9;10;8;9;NO;SI;3G;NO;Network 3G;0;1;120;1695;400788758;599211242;27445431;-1;4075442478;2636637363;-1;3947678993;1340659341;0;3557875817;7000;15;FACIL;0;0;0;0;0;1;4000;2;0;0;0;CONSUMOS_VOZ;0
SUB117;Más de 2 años;De 26 a 35 años;FemeniNO;VIUDO (A);Centro;3;5;5;3;NO;NO;3G;NO;Network 3G;6;27;1215;113;504189789;495810211;72807991;-1;856307917;1455864198;1;2054545455;1203703704;1234567901;3582275;8500;4;AMIGO;0;1;0;0;1;1;8000;4;0;0;0;PAQ_990;0
SUB118;Más de 2 años;De 36 a 45 años;FemeniNO;CASADO (A);Suroriente;10;8;5;6;NO;NO;2G;NO;Network 2G;0;0;136;2325;338983798;661016202;53904198;-1;1468000163;8166371254;1;2434278351;2191427651;0;24125;4500;2;AMIGO;0;0;0;0;0;0;0;0;0;0;0;CONSUMOS_VOZ;1
SUB119;Más de 2 años;De 18 a 25 años;MasculiNO;SOLTERO (A);Centro;4;7;7;9;SI;SI;LTE;SI;Network 3G;1;0;815;2735;23415493;76584507;15258216;-1;1840726628;2506560122;-1;1969474638;1666666667;5943683409;3310769231;16000;55;AMIGO;0;1;0;0;1;1;9000;3;0;0;0;PAQ_990;1
SUB120;Más de 2 años;De 18 a 25 años;FemeniNO;SOLTERO (A);Centro;6;8;6;6;SI;SI;LTE;SI;Network 3G;4;3;1005;91;526616959;473383041;103837928;-1;6726805986;171749531;1;1446652345;3955597248;2673545966;360638009;10500;4;AMIGO;1;1;0;0;1;1;13000;5;0;0;0;CONSUMOS_VOZ;0
SUB121;Más de 2 años;Más de 66;FemeniNO;CASADO (A);Noroccidente;8;7;8;9;NO;NO;2G;NO;Network 2G;0;0;155;2235;409899966;590100034;113620487;1;3558093737;3929079254;1;3087409493;320512821;641025641;3283881119;19500;95;AMIGO;0;0;0;0;0;1;18000;8;0;0;0;CONSUMOS_VOZ;0
SUB122;Más de 2 años;De 46 a 55 años;FemeniNO;UNIÓN LIBRE;Centro;8;9;10;8;NO;NO;LTE;SI;Network 3G;1;9;77;80;490850071;509149929;4144857;-1;4372501571;1179494335;1;1391031823;7813292745;617283951;3616298077;5500;2;AMIGO;0;0;0;0;0;1;9000;3;0;0;0;CONSUMOS_VOZ;0
SUB123;Más de 2 años;De 56 a 65 años;FemeniNO;CASADO (A);Centro;5;7;4;3;NO;NO;3G;NO;Network 3G;0;0;85;5;791666667;208333333;5;1;296;26;1;2363636364;1071428571;0;347;3000;1;FACIL;0;1;0;0;0;1;6000;2;0;0;0;PAQ_990;1
SUB124;Más de 2 años;De 36 a 45 años;MasculiNO;UNIÓN LIBRE;Centro;7;8;5;4;SI;NO;LTE;SI;Network 3G;14;28;835;7185;537658284;462341716;48818338;-1;7647044606;2591922239;1;2406213199;2159273699;1674843342;3548982714;56500;25;FACIL;0;1;0;0;1;1;60000;28;0;0;0;PAQ_990;1
SUB125;Más de 2 años;De 36 a 45 años;FemeniNO;CASADO (A);Centro;5;6;3;3;NO;SI;3G;NO;Network 3G;0;1;1055;3495;224689045;775310955;21390426;-1;1513055477;1312853252;1;2802313129;561797753;1404494382;3234952381;5500;3;FACIL;1;0;0;0;1;1;5000;4;0;0;0;CONSUMOS_VOZ;1
SUB126;Más de 2 años;De 46 a 55 años;MasculiNO;CASADO (A);Costa;10;9;9;9;NO;NO;2G;NO;Network 2G;0;0;92;515;610546932;389453068;34092558;-1;7315009747;1066509804;1;2025487589;333333333;1333333333;3142714857;13000;5;AMIGO;0;0;0;0;0;1;2000;1;0;0;0;PAQ_MIN;0
SUB127;Más de 2 años;De 18 a 25 años;FemeniNO;CASADO (A);Suroccidente;9;10;10;10;NO;SI;LTE;SI;Network 3G;0;0;53;1815;250130804;749869196;14388489;-1;1228198736;1203266888;-1;3857142857;1162790698;3174603175;307;3000;15;AMIGO;0;0;0;0;1;1;2000;1;0;0;0;CONSUMOS_VOZ;0
SUB128;Más de 2 años;De 26 a 35 años;FemeniNO;CASADO (A);Suroccidente;8;10;10;10;NO;NO;3G;NO;Network 3G;0;8;615;865;416678169;583321831;58776167;-1;1254824134;1003700265;1;2737268519;3076923077;0;365622549;2000;2;AMIGO;0;0;0;0;0;1;2000;2;0;0;0;CONSUMOS_VOZ;0
SUB129;Más de 2 años;De 18 a 25 años;FemeniNO;VIUDO (A);Centro;10;10;9;9;SI;NO;3G;NO;Network 3G;4;0;199;94;67965015;32034985;81711942;1;4345570001;1317784553;1;2417502089;532199401;243902439;3689495652;11000;8;FACIL;0;0;0;0;0;1;2000;2;0;0;0;CONSUMOS_VOZ;0
SUB130;Más de 2 años;De 36 a 45 años;MasculiNO;CASADO (A);Oriente;5;6;6;6;SI;NO;3G;NO;Network 3G;11;19;8965;5325;627324401;372675599;14675172;-1;4143986373;5370001506;-1;4560486912;1296636474;720720048;3281738727;40500;20;FACIL;0;0;1;0;1;1;51000;25;0;1;1;CONSUMO_GRANEL;1
SUB131;Más de 2 años;De 46 a 55 años;MasculiNO;CASADO (A);Noroccidente;8;10;7;10;NO;SI;3G;NO;Network 3G;2;12;995;172;281191285;718808715;52762321;1;7191272283;2055615942;-1;212254902;3630434783;543478261;3361363636;7500;5;FACIL;0;0;1;0;1;1;13000;13;0;0;0;CONSUMOS_VOZ;0
SUB132;Más de 2 años;De 36 a 45 años;FemeniNO;SOLTERO (A);Centro;6;6;7;6;NO;NO;3G;NO;Network 3G;7;1;875;835;439984472;560015528;35597826;1;9860149297;4719876097;-1;1671455939;2594217863;1006711409;316407967;6500;45;FACIL;0;0;0;0;1;1;5000;4;0;0;0;CONSUMOS_VOZ;1
SUB133;Más de 2 años;De 36 a 45 años;FemeniNO;CASADO (A);Centro;8;8;6;8;NO;SI;3G;NO;Network 3G;1;10;505;565;463845883;536154117;28237157;-1;109058191;1766089744;-1;2520398482;0;6324786325;37075;26000;12;AMIGO;1;1;0;0;1;1;27000;12;0;0;0;PAQ_DATOS;0
SUB134;Más de 2 años;De 26 a 35 años;MasculiNO;CASADO (A);Centro;6;9;9;10;NO;NO;3G;NO;Network 3G;2;2;2085;54;794448612;205551388;47074269;-1;6351704545;4290760947;-1;2687069552;1080445015;1105405791;3674583333;28000;13;AMIGO;0;0;0;0;0;1;9000;4;0;0;0;CONSUMOS_VOZ;0
SUB135;Más de 2 años;De 26 a 35 años;MasculiNO;UNIÓN LIBRE;Costa;10;9;7;9;NO;SI;2G;NO;Network 2G;0;0;355;114;218393998;781606002;63304622;1;5466759259;4772556391;1;2137254902;877192982;877192982;2698333333;1000;5;AMIGO;0;0;0;0;0;1;2000;1;0;0;0;CONSUMOS_VOZ;0
SUB136;Más de 2 años;De 56 a 65 años;MasculiNO;SOLTERO (A);Noroccidente;8;10;8;6;NO;NO;2G;NO;Network 2G;0;6;269;765;778861311;221138689;13080664;1;9226477156;454917192;-1;6529940516;1305021013;2961181155;3135932722;27500;1;AMIGO;0;0;0;0;0;1;30000;1;0;1;0;CONSUMOS_VOZ;0
SUB137;Más de 2 años;De 56 a 65 años;FemeniNO;CASADO (A);Noroccidente;10;10;10;10;NO;NO;2G;NO;Network 2G;2;2;2275;520;308488225;691511775;403811;-1;1738521212;301096717;1;257620048;401606426;2577299489;3448;16000;3;AMIGO;0;0;0;0;0;1;20000;2;1;0;0;CONSUMOS_VOZ;0
SUB138;Más de 2 años;De 26 a 35 años;MasculiNO;UNIÓN LIBRE;Centro;4;7;4;5;SI;NO;3G;NO;Network 3G;1;0;186;1525;554556175;445443825;18978233;-1;9663759201;6144758065;1;3127083333;0;1209677419;327185306;17000;145;AMIGO;1;0;1;0;1;1;15000;11;0;1;0;PAQ_DATOS;0
SUB139;Más de 2 años;De 18 a 25 años;MasculiNO;SOLTERO (A);Costa;10;10;9;8;SI;NO;LTE;SI;Network 3G;2;1;1305;49;725247063;274752937;25001554;1;751875;1773530983;1;2593984962;2083333333;2483974359;31605;7000;2;FACIL;0;0;0;0;1;1;4000;2;0;0;0;CONSUMO_GRANEL;0
SUB140;Más de 2 años;De 36 a 45 años;FemeniNO;UNIÓN LIBRE;Centro;7;9;8;8;NO;NO;3G;NO;Network 3G;1;1;150;1245;547438672;452561328;10702261;1;1210634548;1991890807;-1;1892953343;1732905125;628930818;3671576087;7500;4;FACIL;0;0;0;0;0;1;14000;3;0;0;0;CONSUMOS_VOZ;1
SUB141;Más de 2 años;De 18 a 25 años;MasculiNO;CASADO (A);Centro;5;5;10;10;NO;SI;3G;NO;Network 3G;4;9;49;94;336827532;663172468;14141614;1;2045808424;4810394265;1;1715256008;3001792115;3808243728;3706410256;10000;2;AMIGO;1;1;0;0;1;1;30000;5;0;0;0;CONSUMOS_VOZ;1
SUB142;Más de 2 años;De 26 a 35 años;MasculiNO;SOLTERO (A);Noroccidente;7;8;8;5;SI;NO;3G;NO;Network 2G;6;1;765;41;68675275;31324725;9365535;-1;492717803;1559976489;1;2160773026;6504702194;118599791;2575;12000;6;AMIGO;0;0;0;0;0;1;12000;6;0;0;0;CONSUMOS_VOZ;1
SUB143;Más de 2 años;De 56 a 65 años;MasculiNO;DIVORCIADO (A);Centro;7;6;5;5;NO;NO;LTE;SI;Network 3G;0;0;10;315;216883117;783116883;36038961;1;1411298077;5509375;-1;1266666667;125;0;365125;2500;1;AMIGO;0;0;0;0;0;0;0;0;0;0;0;PAQ_990;1
SUB144;Más de 2 años;De 46 a 55 años;MasculiNO;SOLTERO (A);Costa;9;9;9;9;NO;SI;2G;NO;Network 2G;0;0;64;15;756498674;243501326;59151194;-1;2169230769;2840336134;1;2580357143;420168067;7236227824;326375;0;0;FACIL;0;0;0;0;0;0;0;0;0;0;0;PAQ_DATOS;0
SUB145;Más de 2 años;De 36 a 45 años;FemeniNO;UNIÓN LIBRE;Centro;8;9;8;9;NO;SI;3G;NO;Network 3G;8;16;1695;1855;462636917;537363083;20175184;-1;933843256;1470529994;1;182408593;2731092437;3450786255;351021645;34000;125;AMIGO;0;1;0;0;1;1;29000;14;0;0;0;PAQ_990;1
SUB146;Más de 2 años;De 46 a 55 años;MasculiNO;SOLTERO (A);Centro;7;8;7;7;NO;NO;2G;NO;Network 2G;8;15;2415;1635;596428571;403571429;19322344;1;1120193432;4880329008;-1;2771427152;4021213057;2687673772;2872303224;33500;45;AMIGO;0;0;0;0;1;1;40000;7;1;0;0;CONSUMOS_VOZ;0
SUB147;Más de 2 años;De 26 a 35 años;MasculiNO;SOLTERO (A);Centro;5;8;6;6;NO;NO;LTE;SI;Network 3G;0;0;65;16;278361345;721638655;17857143;-1;3302024291;1174305556;1;125;0;5555555556;346;0;0;AMIGO;0;0;0;0;0;0;0;0;0;0;0;PAQ_DATOS;1
SUB148;Más de 2 años;De 26 a 35 años;FemeniNO;SOLTERO (A);Costa;8;9;10;10;NO;SI;LTE;SI;Network 3G;1;3;117;163;419191919;580808081;28860029;-1;1112479269;1895699083;-1;1959090909;4634862385;0;179;15500;35;AMIGO;0;1;0;1;1;1;31000;8;0;0;0;PAQ_990;0
SUB149;Más de 2 años;De 18 a 25 años;MasculiNO;SOLTERO (A);Centro;7;7;7;7;SI;NO;3G;NO;Network 3G;1;3;755;42;630639098;369360902;22932331;1;8996568349;3811435662;1;2318947368;925925926;206185567;316909749;7000;2;FACIL;0;1;0;0;1;1;7000;2;0;0;0;CONSUMOS_VOZ;1
SUB150;Más de 2 años;De 26 a 35 años;MasculiNO;SOLTERO (A);Centro;5;6;5;9;NO;SI;3G;NO;Network 3G;2;7;216;3195;395704922;604295078;13941161;-1;1135621983;5027345686;1;2793727191;345686161;2228141285;3628634783;67000;13;FACIL;1;1;0;0;1;1;56000;13;0;0;0;PAQ_DATOS;1
SUB151;Más de 2 años;De 26 a 35 años;FemeniNO;SOLTERO (A);Centro;2;3;3;2;SI;NO;LTE;SI;Network 3G;0;0;2;89;2247191;97752809;11235955;1;513372549;535;1;1;0;0;345;0;0;AMIGO;0;0;0;0;1;1;1000;1;0;0;0;PAQ_DATOS;1
SUB152;Más de 2 años;De 46 a 55 años;MasculiNO;NO RESPONDE;Centro;8;6;8;8;NO;NO;2G;NO;Network 3G;1;0;815;127;390214521;609785479;55749896;-1;3997139831;1434634703;1;2282201405;1666666667;2610350076;35125;7000;35;AMIGO;0;0;0;0;0;1;5000;2;0;0;0;CONSUMOS_VOZ;1
SUB153;Más de 2 años;De 26 a 35 años;MasculiNO;UNIÓN LIBRE;Centro;6;8;6;8;NO;NO;2G;NO;Network 2G;0;5;227;62;784376807;215623193;13929053;1;1450118397;4381790577;1;1669888771;4002350867;688608091;3533955628;20000;2;AMIGO;0;0;1;0;0;1;10000;1;1;0;1;CONSUMOS_VOZ;0
SUB154;Más de 2 años;De 26 a 35 años;FemeniNO;UNIÓN LIBRE;Noroccidente;1;2;2;6;NO;SI;2G;NO;Network 2G;8;1;2705;143;676037957;323962043;2673865;-1;4733310824;987122384;-1;2227771612;226244344;2747454751;3132706686;22500;5;AMIGO;0;0;0;0;0;1;20000;7;0;0;0;CONSUMOS_VOZ;1
SUB155;Más de 2 años;De 18 a 25 años;MasculiNO;SOLTERO (A);Centro;10;10;10;10;SI;NO;3G;NO;Network 3G;0;1;1965;1485;565713206;434286794;27847782;1;7917634974;4584139649;-1;2176667633;221209051;1743498818;3662307692;20000;2;AMIGO;0;1;1;1;1;1;13000;2;0;0;0;PAQ_990;0
SUB156;Más de 2 años;De 18 a 25 años;MasculiNO;UNIÓN LIBRE;Suroccidente;5;8;4;7;NO;SI;2G;NO;Network 2G;34;11;313;765;808630714;191369286;20519246;1;1964705882;9912016112;-1;2435896555;3180825877;5180436409;2540402439;13000;7;FACIL;0;0;1;0;0;1;16000;5;0;1;0;PAQ_MIN;1
SUB157;Más de 2 años;De 26 a 35 años;MasculiNO;UNIÓN LIBRE;Noroccidente;3;2;6;6;SI;SI;LTE;SI;Network 3G;4;6;496;2385;680240625;319759375;27513114;1;1173158074;7359739756;1;2874725552;2428318215;1828797831;3325230263;102500;95;AMIGO;1;1;0;0;1;1;110000;10;1;0;0;PAQ_DATOS;1
SUB158;Más de 2 años;De 26 a 35 años;FemeniNO;SOLTERO (A);Centro;7;8;5;5;SI;NO;LTE;SI;Network 3G;6;3;331;3265;491168327;508831673;367061;1;1652064695;5497480164;-1;1599804921;1588974295;2602487809;3456362319;68000;205;AMIGO;0;0;1;0;0;1;60000;13;0;0;0;CONSUMOS_VOZ;1
SUB159;Más de 2 años;De 46 a 55 años;FemeniNO;CASADO (A);Costa;5;8;6;5;SI;SI;3G;NO;Network 3G;0;4;2745;1585;635773185;364226815;19201114;1;7683927121;98220908;-1;2120293712;358422939;185185185;3592749728;21000;3;FACIL;0;1;0;0;0;1;15000;2;0;0;0;PAQ_990;1
SUB160;Más de 2 años;De 26 a 35 años;MasculiNO;SOLTERO (A);Centro;8;9;6;7;SI;SI;LTE;SI;Network 3G;1;0;205;835;195475155;804524845;990099;1;5802923851;4461640212;1;3152777778;0;0;2984166667;4000;4;FACIL;0;1;0;0;1;1;5000;5;0;0;0;PAQ_DATOS;1
SUB161;Más de 2 años;De 56 a 65 años;MasculiNO;UNIÓN LIBRE;Centro;9;9;8;8;NO;NO;3G;NO;Network 3G;0;3;15;525;215201061;784798939;24193548;-1;4176089325;4971590909;1;1361111111;1534090909;0;3459;2500;5;FACIL;0;0;0;0;1;1;0;0;0;0;0;CONSUMOS_VOZ;0
SUB162;Más de 2 años;De 26 a 35 años;FemeniNO;SOLTERO (A);Noroccidente;5;8;10;10;SI;NO;3G;NO;Network 3G;2;6;5015;102;831361576;168638424;44262975;-1;414207916;8849554771;-1;4436240083;5221994754;371057514;3396;16500;155;FACIL;0;0;0;0;0;1;19000;19;0;1;0;CONSUMOS_VOZ;0
SUB163;Más de 2 años;De 36 a 45 años;FemeniNO;CASADO (A);Centro;6;7;5;5;NO;NO;2G;NO;Network 2G;0;0;355;375;480135005;519864995;93731919;-1;6775286944;2228619529;-1;2381512605;7954545455;0;2697666667;4000;3;AMIGO;0;0;0;0;0;1;3000;3;0;0;0;CONSUMOS_VOZ;1
SUB164;Más de 2 años;De 46 a 55 años;FemeniNO;CASADO (A);Centro;5;4;2;2;NO;SI;3G;NO;Network 3G;2;14;92;2255;287331595;712668405;111619979;-1;1564411152;1443886327;1;2480930077;1327433628;704225352;3633333333;6000;3;AMIGO;0;0;0;0;0;1;9000;4;0;0;0;CONSUMOS_VOZ;1
SUB165;Más de 2 años;De 46 a 55 años;FemeniNO;DIVORCIADO (A);Costa;8;8;7;8;SI;NO;2G;NO;Network 2G;3;7;2415;96;688874141;311125859;51340957;-1;2735467595;2226314016;1;2811564107;134770889;1212938005;2793030303;7000;3;AMIGO;0;0;0;0;0;1;5000;2;0;0;0;CONSUMOS_VOZ;0
SUB166;Más de 2 años;De 26 a 35 años;FemeniNO;UNIÓN LIBRE;Costa;8;10;10;10;SI;SI;3G;NO;Network 3G;2;1;1005;428;191478749;808521251;44316747;1;8642754456;2541871897;-1;3561807332;1996027805;0;3139912854;11000;9;AMIGO;1;1;0;0;1;1;13000;9;0;0;0;PAQ_DATOS;0
SUB167;Entre 1 y 2 años;De 18 a 25 años;MasculiNO;SOLTERO (A);Centro;9;8;7;7;NO;SI;2G;NO;Network 2G;1;0;83;615;552537328;447462672;89386602;1;5251930196;1197024723;1;1713235294;2831202046;4458653026;2827777778;8875;45;AMIGO;0;0;1;0;0;1;4000;3;0;0;0;PAQ_DATOS;0
SUB168;Más de 2 años;De 56 a 65 años;MasculiNO;SOLTERO (A);Centro;8;7;8;8;SI;NO;2G;NO;Network 2G;0;1;38;1155;245444825;754555175;29833191;-1;9865351933;4591684588;1;2699750831;0;1111111111;2935;12000;6;AMIGO;0;0;0;0;0;1;12000;6;0;0;0;CONSUMOS_VOZ;1
SUB169;Más de 2 años;De 46 a 55 años;FemeniNO;UNIÓN LIBRE;Costa;9;8;8;7;NO;SI;2G;NO;Network 2G;0;0;135;545;198784722;801215278;129340278;1;4620131846;1945054945;1;13125;0;0;288;0;0;AMIGO;0;0;0;0;0;1;2000;1;0;0;0;CONSUMO_GRANEL;0
SUB170;Más de 2 años;De 36 a 45 años;FemeniNO;UNIÓN LIBRE;Centro;1;1;8;5;NO;NO;3G;NO;Network 2G;15;15;1875;25;881033485;118966515;12345267;-1;6600483092;7374124821;-1;1715952932;2171449067;1056671449;2131141026;15000;85;AMIGO;0;0;0;0;0;1;10000;6;0;0;0;CONSUMOS_VOZ;1
SUB171;Más de 2 años;De 56 a 65 años;MasculiNO;CASADO (A);Centro;5;2;4;5;SI;NO;3G;NO;Network 2G;8;7;181;1955;481267218;518732782;14388642;1;7780808638;6647539683;1;2165014798;3031135531;2759462759;3223193182;30000;3;AMIGO;0;1;0;0;0;1;20000;2;0;0;0;CONSUMOS_VOZ;1
SUB172;Más de 2 años;De 26 a 35 años;FemeniNO;UNIÓN LIBRE;Centro;5;7;6;8;SI;SI;LTE;SI;Network 3G;6;11;87;615;581372104;418627896;33144025;-1;6841078323;3268881798;1;3028125;5563263041;4883462819;3306476064;4000;2;AMIGO;0;0;1;0;1;1;8000;4;0;0;0;PAQ_DATOS;1
SUB173;Más de 2 años;De 56 a 65 años;MasculiNO;UNIÓN LIBRE;Costa;8;7;6;9;SI;NO;2G;NO;Network 3G;3;4;85;585;588454785;411545215;3826456;-1;6691137566;5648114952;-1;1925794456;303030303;1209275857;368619391;15000;35;AMIGO;0;0;0;0;1;1;10000;2;0;0;0;CONSUMOS_VOZ;0
SUB174;Más de 2 años;De 36 a 45 años;FemeniNO;DIVORCIADO (A);Centro;5;8;8;7;SI;SI;3G;NO;Network 3G;1;3;1345;3445;281915381;718084619;1426032;1;7219779689;9708859358;1;1724774581;387596899;2173311185;3669325397;31500;145;FACIL;0;1;0;0;1;1;28000;14;0;0;0;PAQ_990;1
SUB175;Más de 2 años;De 26 a 35 años;FemeniNO;SOLTERO (A);Centro;8;10;6;8;SI;NO;3G;NO;Network 3G;4;3;44;955;302672874;697327126;20922691;1;6742971491;1248190476;-1;1909670165;793650794;5968253968;3418611111;2000;1;FACIL;0;0;0;0;0;1;1000;1;0;0;0;CONSUMOS_VOZ;0
SUB176;Entre 7 meses y 1 año;De 18 a 25 años;FemeniNO;SOLTERO (A);Costa;8;9;8;10;SI;SI;3G;NO;Network 3G;1;1;1805;2445;41816272;58183728;56722689;-1;1083301332;5921163399;-1;2899655547;2137254902;666666667;404;20500;55;FACIL;1;1;0;0;1;1;8000;6;0;0;0;PAQ_MIN;1
SUB177;Más de 2 años;De 18 a 25 años;FemeniNO;SOLTERO (A);Noroccidente;8;8;10;8;NO;SI;3G;NO;Network 3G;0;2;33;96;241036955;758963045;4743519;1;1748489583;9596078431;1;3038636364;980392157;980392157;3308333333;15000;25;AMIGO;0;1;0;0;1;1;25000;4;0;0;0;PAQ_990;1
SUB178;Más de 2 años;De 26 a 35 años;MasculiNO;UNIÓN LIBRE;Centro;6;7;8;9;NO;NO;3G;NO;Network 3G;0;0;29;2485;97763603;902236397;57051736;-1;1223488395;205075;1;1601190476;0;0;3392083333;1000;1;AMIGO;0;0;0;0;0;0;0;0;0;0;0;CONSUMOS_VOZ;0
SUB179;Más de 2 años;De 18 a 25 años;MasculiNO;SOLTERO (A);Suroccidente;8;8;7;9;NO;SI;2G;NO;Network 2G;15;13;537;223;680835437;319164563;144637196;1;3026116642;4187595325;-1;3988258417;1448938992;800314987;2835;10000;9;FACIL;0;0;1;0;0;1;16000;16;0;0;0;CONSUMOS_VOZ;0
SUB180;Entre 1 y 2 años;De 56 a 65 años;FemeniNO;CASADO (A);Centro;4;5;5;5;NO;NO;3G;NO;Network 3G;4;4;59;75;438576779;561423221;8364544;1;4021806298;3875527426;1;2440958165;0;632911392;3624576074;10500;2;AMIGO;0;0;0;0;0;1;5000;1;0;0;0;CONSUMOS_VOZ;1
SUB181;Más de 2 años;De 18 a 25 años;MasculiNO;UNIÓN LIBRE;Centro;8;8;8;9;NO;SI;LTE;SI;Network 3G;0;1;555;2045;18046252;81953748;23763955;1;5455261112;3607363636;-1;1846441948;2;5;3671465517;15000;15;FACIL;1;1;0;0;1;1;20000;3;0;0;0;CONSUMO_GRANEL;0
SUB182;Más de 2 años;De 56 a 65 años;FemeniNO;CASADO (A);Noroccidente;5;7;8;8;NO;SI;3G;NO;Network 3G;2;4;325;65;291717196;708282804;19342712;1;2986808141;1001700337;-1;2633333333;5555555556;925925926;168;10000;1;FACIL;0;1;0;0;1;1;10000;1;0;0;0;PAQ_990;0
SUB183;Más de 2 años;De 46 a 55 años;FemeniNO;DIVORCIADO (A);Costa;9;10;10;9;SI;NO;2G;NO;Network 2G;0;0;875;248;256692658;743307342;44778613;1;1322456749;2952628968;-1;2830101271;2132936508;3918650794;2929666667;3500;25;AMIGO;0;0;1;0;0;1;1000;1;0;0;0;PAQ_MIN;0
SUB184;Más de 2 años;De 26 a 35 años;FemeniNO;SOLTERO (A);Noroccidente;9;10;9;8;NO;SI;3G;NO;Network 3G;0;1;1105;1185;485548856;514451144;12881615;1;776540146;6019319114;-1;402917894;3699753897;6419196062;3485064103;20000;25;AMIGO;0;1;1;0;1;1;20000;2;0;0;0;PAQ_990;1
SUB185;Más de 2 años;De 18 a 25 años;MasculiNO;CASADO (A);Centro;6;9;8;8;SI;SI;3G;NO;Network 3G;0;0;3495;1815;657481112;342518888;59509354;-1;917942304;5242686226;1;2064942438;231481481;1674989596;3447068376;12000;6;FACIL;1;0;0;0;1;1;5000;3;0;0;0;PAQ_DATOS;1
SUB186;Más de 2 años;De 46 a 55 años;MasculiNO;CASADO (A);Costa;8;10;9;9;SI;NO;3G;NO;Network 3G;2;7;164;2495;384746872;615253128;56553681;1;1041702191;4151649832;-1;2846611722;227272727;2053872054;3441072971;24000;9;AMIGO;0;0;0;0;1;1;29000;10;0;0;0;CONSUMOS_VOZ;0
SUB187;Más de 2 años;De 36 a 45 años;MasculiNO;UNIÓN LIBRE;Costa;9;10;9;10;SI;NO;LTE;NO;Network 3G;10;2;510;842;376788122;623211878;33038351;1;5541245652;2019519667;1;2532983683;571419508;1759067964;3656191679;25000;105;FACIL;0;0;0;0;0;1;55000;22;0;0;0;CONSUMOS_VOZ;0
SUB188;Más de 2 años;De 18 a 25 años;FemeniNO;SOLTERO (A);Suroccidente;10;10;8;10;NO;SI;LTE;SI;Network 3G;1;5;645;68;490081505;509918495;48513724;1;7895490196;2241046454;-1;2876602564;3221778222;0;3622971429;13000;9;AMIGO;0;1;0;0;1;1;12000;12;0;0;0;PAQ_990;0
SUB189;Más de 2 años;De 18 a 25 años;FemeniNO;SOLTERO (A);Noroccidente;7;8;8;9;NO;NO;LTE;SI;Network 3G;0;0;85;395;169642857;830357143;64285714;-1;9783636364;6633333333;-1;21;0;0;378;0;0;AMIGO;0;0;0;0;0;0;0;0;0;0;0;PAQ_DATOS;1
SUB190;Más de 2 años;De 46 a 55 años;MasculiNO;CASADO (A);Centro;6;7;5;8;NO;NO;2G;NO;Network 2G;36;13;3285;213;602294426;397705574;17775382;1;3939164517;5886859503;1;2262323868;2646782662;6468209865;2570588492;23500;5;AMIGO;1;0;1;0;0;1;25000;5;0;0;0;CONSUMOS_VOZ;0
SUB191;Más de 2 años;De 18 a 25 años;FemeniNO;SOLTERO (A);Costa;9;10;10;10;SI;NO;3G;NO;Network 3G;2;26;425;525;516786571;483213429;65382988;1;5821423797;1685784314;1;1903846154;1225490196;0;3663703704;0;0;AMIGO;0;0;0;0;0;0;0;0;0;0;0;CONSUMOS_VOZ;0
SUB192;Más de 2 años;De 18 a 25 años;MasculiNO;SOLTERO (A);Centro;9;8;9;6;NO;NO;2G;NO;Network 2G;0;0;1815;90;604413236;395586764;56718195;1;1043137255;2077448903;1;2321561338;0;2599700897;321696831;31450;8;FACIL;0;0;1;0;0;1;5000;1;0;0;0;CONSUMO_GRANEL;0
SUB193;Más de 2 años;De 18 a 25 años;MasculiNO;SOLTERO (A);Centro;6;6;3;4;NO;SI;LTE;SI;Network 3G;0;3;475;72;390934959;609065041;74878049;1;6474906778;5887526652;-1;199702381;78891258;3571428571;3524705882;9000;45;AMIGO;1;1;0;0;1;1;9000;8;0;0;0;PAQ_DATOS;1
SUB194;Entre 7 meses y 1 año;De 46 a 55 años;FemeniNO;CASADO (A);Noroccidente;10;8;6;8;SI;NO;3G;NO;Network 3G;4;2;383;378;504838874;495161126;30312776;-1;137170678;6200166365;1;5353189231;1868616131;347726574;2916097201;16000;105;AMIGO;0;0;0;0;0;1;18000;10;0;0;0;CONSUMOS_VOZ;0
SUB195;Entre 2 meses y 6 meses;De 46 a 55 años;FemeniNO;NO RESPONDE;Centro;2;1;1;1;NO;NO;2G;NO;Network 2G;1;3;285;107;151487977;848512023;30955228;-1;9214318893;5076785714;-1;232;0;5357142857;319;12000;5;AMIGO;0;0;0;0;0;1;15500;10;0;0;0;CONSUMOS_VOZ;1
SUB196;Más de 2 años;De 56 a 65 años;FemeniNO;SOLTERO (A);Centro;8;8;8;6;NO;NO;2G;NO;Network 2G;2;1;1865;144;562791231;437208769;84750504;1;6966913717;7116359514;1;2093992603;299401198;784838091;298;7000;35;AMIGO;0;0;0;0;0;1;4000;2;0;0;0;CONSUMOS_VOZ;1
SUB197;Más de 2 años;De 56 a 65 años;MasculiNO;UNIÓN LIBRE;Suroccidente;9;9;9;9;SI;NO;2G;NO;Network 2G;0;0;395;137;22974044;77025956;144277128;-1;1101554552;9193910256;-1;1975;625;0;28375;0;0;FACIL;0;0;0;0;0;1;0;0;0;0;0;CONSUMOS_VOZ;0
SUB198;Más de 2 años;De 56 a 65 años;FemeniNO;SOLTERO (A);Centro;7;7;5;5;NO;NO;2G;NO;Network 2G;1;2;655;825;441337719;558662281;1005117;1;1211253316;4078828829;-1;268494152;0;675675676;3236666667;2000;1;AMIGO;0;0;0;0;0;1;2000;1;0;0;0;CONSUMOS_VOZ;1
SUB199;Más de 2 años;De 26 a 35 años;FemeniNO;UNIÓN LIBRE;Centro;4;6;8;8;SI;SI;3G;NO;Network 3G;13;38;1372;5065;727184528;272815472;12636476;1;5106389116;5681964436;1;3548417395;2352566486;764260729;35325;77500;205;FACIL;1;0;1;1;1;1;79000;24;0;1;1;PAQ_MIN;1
SUB200;Más de 2 años;De 46 a 55 años;FemeniNO;SOLTERO (A);Costa;9;10;8;9;SI;NO;3G;NO;Network 3G;1;1;225;1135;161516778;838483222;79958801;-1;1276460893;9589572193;-1;2107142857;2232620321;0;3425;2000;1;AMIGO;0;1;0;0;1;1;4000;2;0;0;0;CONSUMOS_VOZ;0
SUB201;Más de 2 años;De 46 a 55 años;FemeniNO;SOLTERO (A);Noroccidente;5;5;5;5;NO;NO;2G;NO;Network 2G;7;0;205;1;967741935;32258065;173387097;1;558;3484051724;1;1700854701;0;0;3198125;3000;15;AMIGO;0;0;0;0;0;1;10000;2;0;0;0;CONSUMOS_VOZ;1
SUB202;Más de 2 años;De 46 a 55 años;FemeniNO;SOLTERO (A);Centro;6;8;7;6;NO;NO;2G;NO;Network 2G;0;0;37;525;422916667;577083333;1010101;-1;4504195804;1053957871;-1;1575838415;0;0;324;15000;25;AMIGO;0;0;0;0;1;1;16000;4;0;0;0;CONSUMOS_VOZ;1
SUB203;Más de 2 años;De 36 a 45 años;MasculiNO;UNIÓN LIBRE;Centro;7;10;10;8;NO;SI;LTE;SI;Network 3G;5;0;124;170;421474359;578525641;30518395;1;3106799334;8684383786;-1;225883995;1304347826;2808107225;3480300926;20500;25;FACIL;0;1;0;0;1;1;23000;4;0;0;0;PAQ_990;1
SUB204;Más de 2 años;De 26 a 35 años;FemeniNO;SOLTERO (A);Centro;10;10;10;10;SI;SI;LTE;SI;Network 3G;1;0;635;63;494915254;505084746;34934087;1;6857407407;3307514761;-1;2127413127;1704240472;1704240472;3552916667;4500;3;FACIL;1;1;0;0;0;1;20000;17;0;0;0;CONSUMO_GRANEL;1
SUB205;Más de 2 años;De 26 a 35 años;FemeniNO;UNIÓN LIBRE;Noroccidente;2;10;10;5;SI;NO;3G;NO;Network 3G;1;0;315;29;505882353;494117647;35714286;-1;40225;519047619;1;3124269006;5952380952;0;219;1500;1;FACIL;0;0;1;0;0;1;1000;1;0;0;0;CONSUMOS_VOZ;1
SUB206;Más de 2 años;De 36 a 45 años;FemeniNO;SOLTERO (A);Noroccidente;8;6;6;6;NO;NO;2G;NO;Network 2G;0;0;275;76;264571268;735428732;47870353;-1;3402399861;6024242424;1;3597894737;1515151515;1515151515;2297;4000;2;AMIGO;0;0;0;0;0;1;4000;2;0;1;0;CONSUMOS_VOZ;1
SUB207;Entre 1 y 2 años;De 36 a 45 años;FemeniNO;SOLTERO (A);Costa;10;10;9;10;NO;NO;2G;NO;Network 2G;0;2;1935;25;751788995;248211005;215090417;-1;3232850242;1775040776;1;1746855346;1123595506;5613446901;2530196078;7000;45;FACIL;0;0;0;0;0;1;5000;4;0;0;0;CONSUMOS_VOZ;0
SUB208;Más de 2 años;De 56 a 65 años;FemeniNO;CASADO (A);Centro;8;9;8;9;SI;SI;3G;NO;Network 3G;2;5;3345;237;584866526;415133474;26871304;1;7097800553;5603540455;1;177630909;1160848955;1921730231;353840812;49000;165;AMIGO;0;1;0;0;1;1;44000;15;0;0;0;PAQ_990;0
SUB209;Más de 2 años;De 46 a 55 años;MasculiNO;UNIÓN LIBRE;Centro;8;5;8;6;NO;NO;3G;NO;Network 3G;3;0;735;805;470161535;529838465;51643497;-1;4883310034;3078656126;-1;1729946524;2361660079;909090909;3607706767;10000;1;AMIGO;0;0;0;0;0;1;10000;1;0;1;0;CONSUMOS_VOZ;1
SUB210;Más de 2 años;De 26 a 35 años;MasculiNO;UNIÓN LIBRE;Centro;10;10;9;9;NO;NO;3G;NO;Network 3G;2;4;141;50;736522837;263477163;76306544;-1;3157894737;2946908814;1;3096607246;967741935;1181102362;3573026316;26000;4;AMIGO;0;1;0;0;1;1;27000;5;0;0;0;PAQ_990;1
SUB211;Más de 2 años;De 46 a 55 años;MasculiNO;UNIÓN LIBRE;Centro;4;2;7;2;SI;NO;3G;NO;Network 3G;3;3;226;1455;607061041;392938959;14596926;-1;5296889379;2170888889;-1;1843373231;2388888889;25;3557222222;14000;45;AMIGO;0;0;0;0;0;1;16000;5;0;0;0;CONSUMOS_VOZ;1
SUB212;Más de 2 años;De 18 a 25 años;FemeniNO;SOLTERO (A);Centro;1;2;1;2;NO;NO;3G;NO;Network 2G;0;6;37;197;149694669;850305331;28580074;-1;1139911914;6121428571;1;2426229508;4285714286;714285714;329;500;5;FACIL;0;0;0;0;0;0;0;0;0;0;0;CONSUMOS_VOZ;1
SUB213;Más de 2 años;De 56 a 65 años;MasculiNO;CASADO (A);Centro;6;5;5;3;NO;NO;3G;NO;Network 3G;6;9;3165;1875;628873259;371126741;32689059;1;1046868099;569842643;1;1715638892;1266861466;2004362967;3513138272;60000;6;AMIGO;0;1;0;0;1;1;55000;6;0;0;0;PAQ_990;1
SUB214;Más de 2 años;De 18 a 25 años;MasculiNO;SOLTERO (A);Centro;2;3;2;2;SI;SI;2G;NO;Network 2G;0;0;5;95;1;9;0;1;1948333333;199;1;2;0;0;305;0;0;AMIGO;0;0;0;0;0;0;0;0;0;0;0;PAQ_DATOS;1
SUB215;Más de 2 años;De 26 a 35 años;FemeniNO;CASADO (A);Noroccidente;1;10;10;10;NO;NO;3G;NO;Network 3G;0;0;291;284;34123852;65876148;25705134;-1;6772575583;2833275563;1;1893406593;189254766;953206239;3620714286;6000;1;FACIL;0;0;0;0;0;1;5000;1;0;0;0;PAQ_990;1
SUB216;Más de 2 años;De 56 a 65 años;MasculiNO;DIVORCIADO (A);Centro;8;10;10;10;NO;NO;2G;NO;Network 2G;1;5;2055;1145;645436751;354563249;4624419;1;6479354865;1097024291;1;1590639765;2752293578;229357798;3222073503;14000;7;AMIGO;0;0;0;0;0;1;18000;9;0;0;0;CONSUMOS_VOZ;0
SUB217;Más de 2 años;De 46 a 55 años;MasculiNO;DIVORCIADO (A);Centro;8;9;9;9;SI;NO;3G;NO;Network 3G;1;7;1935;402;322219163;677780837;12609718;-1;6962587729;4797544359;1;1591328083;534796308;0;3642745118;30000;35;AMIGO;0;0;0;0;0;1;30000;3;0;0;0;PAQ_990;0
SUB218;Más de 2 años;De 18 a 25 años;FemeniNO;CASADO (A);Centro;10;10;10;10;SI;NO;2G;NO;Network 3G;0;1;245;349;80971524;919028476;63366834;-1;631299222;715625;-1;1211538462;0;0;1875;0;0;AMIGO;0;0;1;0;0;1;7000;3;0;1;0;CONSUMOS_VOZ;0
SUB219;Más de 2 años;De 36 a 45 años;MasculiNO;CASADO (A);Centro;5;7;7;7;NO;NO;2G;NO;Network 2G;0;0;13;285;30952381;69047619;1625;-1;28408125;2228125;1;115;0;0;27875;0;0;AMIGO;0;0;0;0;0;0;0;0;0;0;0;CONSUMOS_VOZ;1
SUB220;Más de 2 años;De 46 a 55 años;FemeniNO;UNIÓN LIBRE;Noroccidente;9;9;7;9;NO;NO;3G;NO;Network 2G;1;2;43;39;530079116;469920884;41722645;-1;950721323;2762774123;1;2953557312;0;3399122807;3125;10000;1;AMIGO;0;1;0;0;0;1;0;0;0;0;0;CONSUMOS_VOZ;0
SUB221;Más de 2 años;De 46 a 55 años;FemeniNO;UNIÓN LIBRE;Centro;5;5;3;3;NO;NO;2G;NO;Network 2G;1;16;104;635;601200467;398799533;1056338;-1;6742897436;228401609;1;2832915622;3583148089;2556367101;2709151515;7500;15;AMIGO;0;0;0;0;0;1;11000;4;0;0;0;CONSUMOS_VOZ;1
SUB222;Más de 2 años;De 36 a 45 años;MasculiNO;CASADO (A);Costa;9;10;10;9;SI;NO;2G;NO;Network 2G;7;0;123;41;784016493;215983507;2176813;1;758375;6385854481;-1;3708947368;257731959;2577319588;2659265873;8500;35;FACIL;0;0;0;0;0;1;20000;7;0;0;0;CONSUMOS_VOZ;0
SUB223;Más de 2 años;De 46 a 55 años;MasculiNO;UNIÓN LIBRE;Centro;8;5;7;5;NO;NO;3G;NO;Network 3G;0;1;70;47;599751171;400248829;61402225;-1;6287137598;3807246377;-1;2605144149;503163911;2837313737;3598831169;22500;25;AMIGO;0;1;0;0;1;1;25000;3;0;0;0;PAQ_990;1
SUB224;Más de 2 años;De 26 a 35 años;MasculiNO;UNIÓN LIBRE;Centro;6;5;1;3;NO;SI;LTE;SI;Network 3G;1;4;90;117;424273834;575726166;64029777;-1;1454513561;7468335901;1;234620098;3782042303;1260680768;3300151515;25000;25;AMIGO;0;1;0;0;1;1;45000;5;1;1;0;PAQ_990;1
SUB225;Más de 2 años;De 18 a 25 años;FemeniNO;UNIÓN LIBRE;Suroccidente;1;1;1;2;NO;NO;2G;NO;Network 2G;0;0;4365;1565;735462858;264537142;76670565;-1;9195141792;6686850254;1;2286744505;608272506;473188612;2954603175;14500;3;AMIGO;0;0;0;0;0;1;7000;2;0;0;0;CONSUMOS_VOZ;1
SUB226;Más de 2 años;De 26 a 35 años;MasculiNO;UNIÓN LIBRE;Suroccidente;1;10;10;10;SI;NO;2G;NO;Network 2G;0;5;16;71;211206897;788793103;81896552;-1;5436392176;7721176471;-1;1522727273;2941176471;0;2348666667;0;0;AMIGO;0;0;1;0;0;1;1000;1;0;1;0;CONSUMOS_VOZ;1
SUB227;Más de 2 años;De 36 a 45 años;MasculiNO;CASADO (A);Centro;7;9;8;9;NO;NO;2G;NO;Network 2G;3;1;59;565;421449777;578550223;13297872;-1;380263572;1754245283;-1;1805272109;141509434;471698113;2587888889;7000;15;FACIL;0;0;0;0;0;1;5000;2;0;0;0;CONSUMOS_VOZ;0
SUB228;Más de 2 años;De 46 a 55 años;MasculiNO;CASADO (A);Suroccidente;3;2;3;1;NO;NO;3G;NO;Network 2G;1;2;148;32;802967303;197032697;153468153;1;6753316646;9662555972;-1;2534712482;1754385965;1086398003;3004148936;7000;2;FACIL;0;0;0;0;0;1;10000;2;0;0;0;CONSUMOS_VOZ;1
SUB229;Más de 2 años;De 26 a 35 años;FemeniNO;SOLTERO (A);Oriente;5;7;8;4;SI;NO;2G;NO;Network 2G;21;4;975;785;557684224;442315776;85135965;-1;1092877032;4757941176;1;4371289619;4812834225;7352941176;2686118421;10000;1;AMIGO;0;0;0;0;0;1;20000;2;0;1;0;CONSUMOS_VOZ;1
SUB230;Más de 2 años;De 56 a 65 años;MasculiNO;SOLTERO (A);Centro;3;7;5;8;NO;NO;2G;NO;Network 2G;8;14;241;1935;550634807;449365193;6860103;-1;7138953488;3383407999;1;3790786996;3386948777;3452618701;2569202899;29500;6;AMIGO;0;0;0;0;0;1;25000;5;0;0;0;CONSUMOS_VOZ;1
SUB231;Más de 2 años;De 18 a 25 años;FemeniNO;SOLTERO (A);Centro;10;10;8;10;SI;SI;LTE;SI;Network 3G;1;5;2195;201;531618882;468381118;21629079;-1;1194093789;1493866334;-1;1988304678;3865693306;1445099044;3716358621;32000;75;FACIL;0;1;0;0;1;1;14000;4;0;0;0;PAQ_990;1
SUB232;Más de 2 años;De 46 a 55 años;MasculiNO;UNIÓN LIBRE;Oriente;9;6;9;7;NO;NO;2G;NO;Network 2G;2;0;1885;795;707878299;292121701;87310019;-1;5451136364;1950188428;-1;376273224;0;490196078;3231666667;22000;85;AMIGO;0;0;0;0;0;1;32000;15;0;0;0;CONSUMOS_VOZ;0
SUB233;Más de 2 años;De 18 a 25 años;FemeniNO;SOLTERO (A);Suroccidente;9;8;8;8;NO;SI;LTE;SI;Network 3G;0;2;46;715;392090764;607909236;8518196;1;6096376669;2213451537;1;1886363636;2127659574;3333333333;3637048872;7500;15;AMIGO;0;0;0;0;1;1;0;0;0;0;0;PAQ_990;1
SUB234;Más de 2 años;De 26 a 35 años;FemeniNO;UNIÓN LIBRE;Noroccidente;10;10;6;8;SI;SI;LTE;SI;Network 3G;3;6;5605;5915;485267994;514732006;14819793;1;1977867882;4342978796;-1;6641195461;2400820793;520161553;322875;45500;17;FACIL;1;0;1;0;1;1;19000;9;0;0;0;PAQ_DATOS;0
SUB235;Más de 2 años;De 18 a 25 años;FemeniNO;UNIÓN LIBRE;Costa;6;9;7;6;NO;SI;3G;NO;Network 3G;1;0;75;165;296875;703125;140625;1;1351071429;227272727;1;3727272727;0;125;392;500;5;FACIL;1;0;0;0;1;1;3000;3;0;0;0;PAQ_DATOS;0
SUB236;Más de 2 años;De 36 a 45 años;MasculiNO;UNIÓN LIBRE;Suroccidente;9;6;7;4;NO;NO;2G;NO;Network 2G;8;7;447;3615;545023148;454976852;42542989;-1;4028503559;1022923905;-1;5115634155;1939230502;1014604972;315;50500;3;AMIGO;0;0;0;0;0;1;70000;4;1;0;0;CONSUMOS_VOZ;0
SUB237;Más de 2 años;De 46 a 55 años;MasculiNO;CASADO (A);Costa;10;10;10;10;SI;NO;3G;NO;Network 3G;0;0;475;85;339798851;660201149;42097701;-1;6062012752;3333333333;1;2923007246;0;1282051282;278195122;3000;1;FACIL;0;0;0;0;0;1;0;0;0;0;0;CONSUMOS_VOZ;0
SUB238;Más de 2 años;De 26 a 35 años;FemeniNO;SOLTERO (A);Centro;1;5;1;5;SI;NO;LTE;SI;Network 3G;1;0;60;89;395457219;604542781;40903127;-1;1463792993;321375;1;1671397849;25;625;3485415385;2000;1;FACIL;0;1;0;0;0;1;2000;1;0;0;0;PAQ_990;1
SUB239;Más de 2 años;De 18 a 25 años;MasculiNO;SOLTERO (A);Oriente;9;9;8;10;SI;NO;LTE;SI;Network 3G;8;10;2495;1085;699594732;300405268;18618003;1;2180258985;335003297;1;2623131904;3597735533;4842548811;217125;31000;35;AMIGO;0;0;0;0;0;1;30000;4;0;0;0;CONSUMOS_VOZ;0
SUB240;Más de 2 años;De 46 a 55 años;FemeniNO;UNIÓN LIBRE;Noroccidente;10;8;9;8;NO;NO;LTE;SI;Network 3G;1;88;1705;2235;434118193;565881807;34207118;-1;9592491079;2334265734;1;2043824234;4914529915;34965035;2351084229;17000;95;FACIL;0;0;0;0;1;1;17000;10;0;0;0;CONSUMOS_VOZ;0
SUB241;Entre 1 y 2 años;De 36 a 45 años;FemeniNO;UNIÓN LIBRE;Costa;8;8;8;9;NO;SI;3G;NO;Network 3G;17;23;556;710;460356445;539643555;29932072;1;6154756938;7870889388;-1;2491481007;5464623119;2687794089;283;35500;28;FACIL;1;1;0;1;1;1;32000;20;0;0;0;PAQ_DATOS;0
SUB242;Más de 2 años;De 18 a 25 años;FemeniNO;UNIÓN LIBRE;Noroccidente;10;9;8;10;NO;SI;3G;NO;Network 3G;0;4;80;795;478562994;521437006;59519484;-1;8863271186;1907849072;1;1967961165;799031477;1271186441;277;4000;2;FACIL;0;1;0;0;0;1;10000;4;0;0;0;PAQ_990;0
SUB243;Más de 2 años;De 36 a 45 años;FemeniNO;DIVORCIADO (A);Centro;4;4;2;5;SI;SI;3G;NO;Network 3G;39;22;741;294;715942029;284057971;12077295;-1;2302497337;1588527404;-1;1573058422;938950889;4377004719;2573389348;25000;115;FACIL;0;0;0;0;1;1;28000;14;0;0;0;CONSUMOS_VOZ;1
SUB244;Más de 2 años;De 36 a 45 años;MasculiNO;SOLTERO (A);Noroccidente;1;1;10;10;NO;SI;3G;NO;Network 3G;5;3;235;1055;702223386;297776614;46257856;-1;5276967213;4243457627;-1;2753297646;1365617433;3399515738;2985833333;48500;5;AMIGO;0;1;0;0;1;0;34000;5;0;0;0;PAQ_990;1
SUB245;Más de 2 años;De 46 a 55 años;MasculiNO;CASADO (A);Costa;10;10;10;10;NO;NO;3G;NO;Network 2G;0;3;351;241;587604584;412395416;21116857;1;1183348615;6643219119;1;312572171;531748786;2240631506;3284921747;72500;75;FACIL;0;0;0;0;0;1;33000;5;0;0;0;CONSUMOS_VOZ;0
SUB246;Más de 2 años;De 56 a 65 años;MasculiNO;CASADO (A);Centro;1;3;1;1;SI;NO;2G;NO;Network 2G;22;30;428;188;69425791;30574209;54287387;1;7595568182;4737813255;1;3175884484;1848169633;3461894511;292999424;15500;5;FACIL;0;0;0;1;0;1;26000;8;0;0;0;CONSUMOS_VOZ;1
SUB247;Más de 2 años;Más de 66;MasculiNO;SOLTERO (A);Centro;10;9;9;10;NO;NO;2G;NO;Network 2G;0;0;2665;3255;437255273;562744727;26390276;1;128201437;2775708143;-1;20288371;935415935;1117058617;2619131868;29500;15;AMIGO;0;0;0;0;1;1;8000;4;0;0;0;PAQ_MIN;0
SUB248;Más de 2 años;De 36 a 45 años;FemeniNO;CASADO (A);Costa;9;8;9;10;NO;NO;3G;NO;Network 3G;3;9;5545;2875;583702616;416297384;12274581;-1;7525084678;3709536876;1;188203167;1359628935;1355616141;350125;11500;95;AMIGO;0;0;0;0;0;1;5000;5;0;0;0;CONSUMOS_VOZ;0
SUB249;Más de 2 años;De 26 a 35 años;FemeniNO;SOLTERO (A);Centro;5;7;6;5;NO;SI;3G;NO;Network 3G;0;0;63;126;336795549;663204451;20830361;1;1343852651;1704566152;-1;1940566038;5628636479;3933721224;3686666667;5000;5;FACIL;0;0;0;0;0;1;0;0;0;0;0;CONSUMOS_VOZ;1
SUB250;Más de 2 años;De 26 a 35 años;FemeniNO;CASADO (A);Costa;9;10;10;10;SI;SI;3G;NO;Network 3G;1;1;4135;1505;732211175;267788825;56632268;1;826894385;1142607555;1;2332460324;1238738739;243160915;3221709402;21500;105;FACIL;1;1;0;0;1;1;28000;14;0;0;0;PAQ_990;0
SUB251;Más de 2 años;De 46 a 55 años;FemeniNO;CASADO (A);Noroccidente;6;4;7;9;SI;NO;3G;NO;Network 3G;1;3;70;62;545568189;454431811;15715221;1;4886428571;2992813331;1;2740536972;746268657;0;36469;5000;5;AMIGO;0;0;0;1;0;1;12000;2;0;0;0;CONSUMOS_VOZ;1
SUB252;Más de 2 años;De 26 a 35 años;MasculiNO;UNIÓN LIBRE;Centro;5;8;10;10;SI;SI;3G;NO;Network 3G;2;6;885;1475;370882955;629117045;91349901;-1;6479823795;2899739653;1;2243859649;9205607477;3791722296;2691136364;10000;1;AMIGO;0;1;0;0;1;1;10000;1;0;0;0;PAQ_990;0
SUB253;Más de 2 años;De 36 a 45 años;FemeniNO;SOLTERO (A);Noroccidente;10;10;10;10;NO;SI;3G;NO;Network 3G;0;0;875;85;513564143;486435857;21820579;-1;7590079599;1618325403;-1;2636065324;2564102564;5002643405;353;28000;95;AMIGO;1;1;0;0;1;1;22000;10;0;0;0;PAQ_DATOS;0
SUB254;Más de 2 años;De 46 a 55 años;MasculiNO;UNIÓN LIBRE;Costa;10;10;9;5;NO;NO;3G;NO;Network 3G;6;1;196;119;620732007;379267993;131018177;1;8340811966;1172544643;-1;1973636754;223214286;669642857;3636406634;16500;85;AMIGO;0;1;0;0;1;1;25000;12;0;0;0;PAQ_990;1
SUB255;Entre 7 meses y 1 año;De 36 a 45 años;MasculiNO;UNIÓN LIBRE;Costa;7;7;7;7;NO;NO;3G;NO;Network 3G;2;4;4;1725;28571429;971428571;17857143;1;456054204;63875;1;1333333333;0;0;2606666667;0;0;FACIL;1;0;0;0;1;1;2000;1;0;0;0;PAQ_DATOS;1
SUB256;Más de 2 años;De 46 a 55 años;MasculiNO;SOLTERO (A);Suroccidente;10;10;10;10;NO;NO;2G;NO;Network 2G;1;5;76;82;486012156;513987844;26768104;1;1501631702;1504425087;-1;2667361525;1219512195;1933797909;3201137566;10000;35;AMIGO;0;0;0;0;0;1;10000;3;0;0;0;CONSUMOS_VOZ;0
SUB257;Más de 2 años;De 56 a 65 años;MasculiNO;CASADO (A);Centro;5;8;5;4;SI;NO;LTE;SI;Network 3G;0;2;50;19;72433949;27566051;70727145;1;4498923077;4730748663;-1;1793255132;298573975;757575758;3522;20796;45;FACIL;0;1;0;0;1;1;17700;4;0;0;0;PAQ_990;1
SUB258;Más de 2 años;De 26 a 35 años;FemeniNO;SOLTERO (A);Centro;10;10;10;10;SI;NO;3G;NO;Network 2G;0;0;30;915;245874126;754125874;2048951;1;1131869774;2638888889;1;1902597403;2083333333;3472222222;3249;0;0;FACIL;0;0;0;0;0;1;2000;1;0;1;0;CONSUMOS_VOZ;0
SUB259;Más de 2 años;De 26 a 35 años;MasculiNO;UNIÓN LIBRE;Centro;8;8;7;9;NO;NO;3G;NO;Network 3G;10;16;2325;1355;632012811;367987189;16553377;1;4684033545;4269583333;1;270861176;2125;652777778;3652241404;59000;175;FACIL;0;1;0;1;1;1;43000;9;0;0;0;PAQ_DATOS;0
SUB260;Más de 2 años;De 36 a 45 años;FemeniNO;UNIÓN LIBRE;Centro;8;4;9;3;NO;SI;3G;NO;Network 3G;1;3;380;125;754732604;245267396;87573465;1;3032880141;1174418406;-1;271639205;3067624587;833903524;3462444515;40000;345;FACIL;0;1;1;0;1;1;33000;29;0;0;0;PAQ_990;0
SUB261;Más de 2 años;De 36 a 45 años;MasculiNO;CASADO (A);Centro;7;6;8;3;NO;SI;LTE;SI;Network 2G;0;3;154;1355;530707032;469292968;52889012;1;5859044182;1319254446;-1;2005067123;924247606;290697674;2923598901;12500;55;AMIGO;0;0;0;0;0;1;8000;4;0;0;0;CONSUMOS_VOZ;1
SUB262;Más de 2 años;De 56 a 65 años;FemeniNO;CASADO (A);Noroccidente;8;7;6;5;NO;NO;2G;NO;Network 2G;11;5;254;34;89569024;10430976;4110611;1;5079230769;5331016591;1;4070476858;1315789474;8359224508;3020381944;9500;2;AMIGO;0;0;0;0;1;1;19000;3;0;0;0;CONSUMO_GRANEL;1
SUB263;Más de 2 años;De 26 a 35 años;FemeniNO;UNIÓN LIBRE;Centro;9;9;9;9;SI;SI;3G;NO;Network 3G;0;0;50;1375;256719104;743280896;50516631;1;1139430927;1821190476;1;2632852292;380952381;3095238095;3410833333;16500;8;AMIGO;1;0;0;0;1;1;10000;5;0;0;0;PAQ_DATOS;0
SUB264;Más de 2 años;De 18 a 25 años;FemeniNO;SOLTERO (A);Centro;10;5;5;8;NO;SI;3G;NO;Network 3G;5;3;48;213;183022774;816977226;16011042;-1;9202392004;1217590472;-1;2043592437;847457627;0;35675;3500;25;AMIGO;0;0;0;0;1;1;1000;1;0;1;0;PAQ_990;1
SUB265;Más de 2 años;De 36 a 45 años;MasculiNO;CASADO (A);Centro;6;8;9;8;SI;SI;LTE;SI;Network 3G;0;0;55;125;314935065;685064935;175324675;-1;8439583333;2385;1;15;0;0;3605;0;0;AMIGO;0;0;0;0;0;0;0;0;0;0;0;PAQ_DATOS;1
SUB266;Entre 2 meses y 6 meses;De 56 a 65 años;MasculiNO;UNIÓN LIBRE;Centro;9;9;9;9;SI;NO;2G;NO;Network 2G;0;2;285;46;320332481;679667519;56521739;1;766968661;1780714286;-1;1627413127;0;0;2656666667;2000;1;AMIGO;0;0;0;0;0;0;0;0;0;0;0;CONSUMOS_VOZ;0
SUB267;Más de 2 años;De 26 a 35 años;FemeniNO;CASADO (A);Centro;5;6;10;10;NO;SI;LTE;SI;Network 3G;1;0;1075;49;687423313;312576687;40940695;-1;7508071279;500469697;1;181342537;1428571429;2294372294;3556409091;20000;35;AMIGO;0;1;0;0;1;1;10000;1;0;0;0;PAQ_990;1
SUB268;Entre 1 y 2 años;De 36 a 45 años;FemeniNO;SOLTERO (A);Oriente;9;8;6;4;NO;NO;3G;NO;Network 3G;3;3;4055;402;496298076;503701924;72438591;-1;8339225159;3496113988;1;248990397;2301291976;1448106273;345314433;76000;54;AMIGO;1;1;0;0;1;1;40000;39;0;0;0;PAQ_DATOS;0
SUB269;Más de 2 años;De 46 a 55 años;FemeniNO;SOLTERO (A);Noroccidente;7;3;9;2;NO;NO;2G;NO;Network 2G;0;0;3105;465;867244262;132755738;618048;-1;2619583333;1150377346;1;445283871;3800188139;606640441;3259918975;22500;17;FACIL;0;0;0;0;0;1;11000;9;0;0;0;CONSUMOS_VOZ;1
SUB270;Más de 2 años;De 36 a 45 años;MasculiNO;UNIÓN LIBRE;Centro;10;10;9;9;NO;NO;2G;NO;Network 2G;0;3;13;71;152580828;847419172;24106636;1;1418895105;2545238095;1;125;0;0;33375;1000;5;AMIGO;0;0;0;0;0;0;0;0;0;0;0;CONSUMOS_VOZ;0
SUB271;Más de 2 años;De 46 a 55 años;FemeniNO;CASADO (A);Centro;8;9;8;10;SI;NO;3G;NO;Network 3G;0;1;765;1485;338322525;661677475;13484657;1;8089375341;1570976604;-1;1385393258;2968805388;0;3748333333;4000;1;AMIGO;1;0;0;0;0;1;2000;1;0;1;0;CONSUMOS_VOZ;0
SUB272;Más de 2 años;De 56 a 65 años;MasculiNO;CASADO (A);Centro;10;10;10;10;NO;NO;LTE;SI;Network 3G;2;6;2395;187;560471464;439528536;32850841;1;7348767339;2238730711;1;1523279352;3559000316;229357798;3645074405;15000;3;AMIGO;0;0;0;0;1;1;12000;3;0;0;0;CONSUMO_GRANEL;0
SUB273;Entre 7 meses y 1 año;De 46 a 55 años;MasculiNO;CASADO (A);Centro;7;8;8;7;NO;NO;3G;NO;Network 3G;0;1;16;725;158531527;841468473;64297566;-1;2629306267;487037037;1;15625;20;0;375;1000;5;FACIL;0;0;0;0;0;0;0;0;0;0;0;PAQ_990;1
SUB274;Más de 2 años;De 26 a 35 años;MasculiNO;SOLTERO (A);Noroccidente;7;10;9;8;SI;SI;3G;NO;Network 3G;6;11;189;835;693881119;306118881;6083916;-1;4861485075;7774771242;1;1998590226;0;1424836601;3572727361;24500;45;AMIGO;0;0;0;0;1;1;85000;13;1;0;0;CONSUMO_GRANEL;0
SUB275;Más de 2 años;De 46 a 55 años;MasculiNO;DIVORCIADO (A);Costa;10;10;9;9;NO;NO;3G;NO;Network 2G;4;12;240;1315;645220101;354779899;52343911;-1;1074564161;3317306365;1;2665184453;2057121622;483091787;2987625;41500;16;AMIGO;0;1;0;0;0;1;38000;14;0;0;0;CONSUMOS_VOZ;0
SUB276;Más de 2 años;De 26 a 35 años;MasculiNO;UNIÓN LIBRE;Noroccidente;4;6;3;5;NO;NO;3G;NO;Network 3G;27;22;6545;4375;600855057;399144943;6164755;-1;6588495807;8829323526;1;3868231586;3112410013;6515421703;1974666667;56000;215;AMIGO;0;0;1;0;0;1;53000;21;0;1;1;PAQ_MIN;0
SUB277;Más de 2 años;De 36 a 45 años;MasculiNO;UNIÓN LIBRE;Noroccidente;8;9;6;9;NO;SI;3G;NO;Network 2G;6;8;2685;369;420579446;579420554;21793961;1;5104601865;5259392789;1;2619594806;77784909;1498493135;2929619048;47500;11;AMIGO;0;0;0;0;0;1;131000;19;1;0;0;CONSUMOS_VOZ;0
SUB278;Más de 2 años;De 18 a 25 años;FemeniNO;SOLTERO (A);Noroccidente;7;7;7;7;SI;SI;LTE;SI;Network 3G;2;2;70;975;416125696;583874304;35204737;1;1622997138;5818843796;-1;2019406393;877192982;350877193;3653;15500;35;AMIGO;1;1;0;1;1;1;18000;7;0;0;0;PAQ_990;1
SUB279;Más de 2 años;De 26 a 35 años;MasculiNO;SOLTERO (A);Centro;7;10;3;5;SI;SI;LTE;SI;Network 3G;2;13;491;310;584438609;415561391;58757696;-1;1745671055;1398566011;1;2712868048;3298271165;1286242145;3550652174;71500;14;AMIGO;1;1;1;0;1;1;64000;11;1;0;0;PAQ_DATOS;0
SUB280;Más de 2 años;De 36 a 45 años;MasculiNO;UNIÓN LIBRE;Centro;7;7;7;9;SI;SI;3G;NO;Network 3G;6;13;3675;576;394807184;605192816;1157826;1;5658715241;3296426153;1;222702508;2093594164;1586837407;3268447436;45000;105;FACIL;1;1;0;0;1;1;62000;16;0;0;0;PAQ_DATOS;0
SUB281;Más de 2 años;De 18 a 25 años;MasculiNO;SOLTERO (A);Centro;6;8;5;10;NO;SI;3G;NO;Network 2G;0;0;305;595;345117845;654882155;28619529;1;3429518779;1030194805;-1;1707692308;0;0;3285;9500;95;FACIL;1;0;0;0;0;1;2000;2;0;0;0;PAQ_DATOS;1
SUB282;Más de 2 años;De 46 a 55 años;MasculiNO;SOLTERO (A);Suroccidente;9;10;7;9;NO;NO;2G;NO;Network 3G;0;1;1675;2045;448421706;551578294;52950407;1;6175733705;3142779232;-1;4519599239;244146306;609002327;3731875;3500;25;AMIGO;0;0;0;0;0;1;2000;2;0;0;0;CONSUMOS_VOZ;0
SUB283;Más de 2 años;De 56 a 65 años;FemeniNO;CASADO (A);Noroccidente;6;8;10;10;NO;NO;2G;NO;Network 2G;1;12;236;289;425390686;574609314;39074532;-1;2314308712;1043448591;1;1657972028;0;289855072;3352419028;9250;4;AMIGO;0;0;0;0;0;1;5000;3;0;0;0;CONSUMOS_VOZ;1
SUB284;Más de 2 años;De 36 a 45 años;FemeniNO;DIVORCIADO (A);Suroccidente;4;8;7;2;NO;NO;3G;NO;Network 3G;0;22;93;2055;312289468;687710532;28744667;1;2173590195;1844298195;1;1957349264;2760629004;99009901;32484375;9500;2;AMIGO;0;1;0;0;1;1;4000;2;0;0;0;CONSUMOS_VOZ;1
SUB285;Más de 2 años;De 46 a 55 años;FemeniNO;SOLTERO (A);Centro;8;10;5;5;NO;SI;LTE;SI;Network 2G;0;5;10;112;84597236;915402764;15503876;1;6104145161;1793333333;-1;1285714286;1333333333;0;291;1000;5;AMIGO;0;0;0;0;0;1;10000;2;0;0;0;CONSUMOS_VOZ;1
SUB286;Más de 2 años;De 46 a 55 años;FemeniNO;CASADO (A);Centro;8;9;4;8;NO;NO;3G;NO;Network 2G;1;3;2615;1635;61539441;38460559;2703406;1;3620594922;3560162906;1;3815626299;145939832;2766026206;3090984848;11500;8;FACIL;0;0;0;0;0;1;9000;6;0;0;0;CONSUMOS_VOZ;0
SUB287;Más de 2 años;De 36 a 45 años;FemeniNO;UNIÓN LIBRE;Suroccidente;5;7;6;9;NO;NO;2G;NO;Network 2G;0;6;545;725;401637223;598362777;282113505;1;6434545108;8504290876;-1;5452380952;733965673;609756098;2163333333;1000;5;FACIL;0;0;0;0;0;0;0;0;0;0;0;CONSUMOS_VOZ;0
SUB288;Más de 2 años;De 26 a 35 años;FemeniNO;SOLTERO (A);Suroccidente;9;9;9;10;NO;SI;3G;NO;Network 3G;0;3;645;105;361447704;638552296;43633078;-1;6616270023;1689400773;1;2163043478;1030927835;1030927835;3590288462;10000;5;AMIGO;0;1;0;0;1;1;4000;2;0;0;0;PAQ_990;0
SUB289;Más de 2 años;De 26 a 35 años;MasculiNO;SOLTERO (A);Noroccidente;7;6;7;5;NO;SI;LTE;SI;Network 3G;2;0;130;835;611693889;388306111;40774899;-1;1121044393;989989648;-1;3320041125;1436727524;931677019;3462600759;32500;35;AMIGO;0;1;0;0;1;0;20000;2;0;1;0;PAQ_990;1
SUB290;Más de 2 años;De 26 a 35 años;FemeniNO;UNIÓN LIBRE;Centro;8;7;6;5;SI;NO;2G;NO;Network 2G;27;32;5305;215;709160631;290839369;2147466;-1;4615736818;4165406337;-1;2241531925;3395551736;2176430319;2945939394;53500;6;AMIGO;0;0;0;0;0;1;50000;5;0;0;0;CONSUMOS_VOZ;1
SUB291;Más de 2 años;De 26 a 35 años;FemeniNO;UNIÓN LIBRE;Centro;5;8;8;9;NO;NO;LTE;SI;Network 3G;0;0;30;885;26416122;73583878;20915033;1;120518114;3328;-1;2572690217;2857142857;2857142857;3536538462;2500;5;AMIGO;1;0;0;0;1;1;5000;1;0;0;0;CONSUMO_GRANEL;1
SUB292;Más de 2 años;De 56 a 65 años;MasculiNO;UNIÓN LIBRE;Centro;8;3;4;4;NO;NO;3G;NO;Network 2G;0;1;1455;138;511157366;488842634;27190219;-1;6209076826;356464855;1;162716699;179085846;2311791819;3443928571;17500;35;AMIGO;0;0;0;0;0;1;7000;2;0;0;0;CONSUMOS_VOZ;1
SUB293;Más de 2 años;De 36 a 45 años;FemeniNO;UNIÓN LIBRE;Centro;5;5;4;5;NO;SI;3G;NO;Network 3G;4;7;3025;460;398836532;601163468;27629252;1;2448367568;7182591649;-1;2474012474;5262158479;1495654894;3657643008;66500;15;AMIGO;1;1;1;1;1;1;59000;11;0;0;0;PAQ_DATOS;1
SUB294;Más de 2 años;De 56 a 65 años;MasculiNO;CASADO (A);Noroccidente;10;10;10;10;NO;NO;2G;NO;Network 2G;0;1;27;59;317119565;682880435;0;1;1347129061;6074827586;1;4438218391;2;5172413793;3240608974;5000;1;AMIGO;0;0;0;0;0;1;0;0;0;0;0;CONSUMOS_VOZ;0
SUB295;Más de 2 años;De 26 a 35 años;FemeniNO;UNIÓN LIBRE;Noroccidente;8;9;9;9;NO;NO;3G;NO;Network 3G;3;6;207;43;816267547;183732453;53768486;1;4171812464;5566361098;-1;2622847011;1922263278;2290356246;349;17500;15;FACIL;0;1;1;0;1;1;18000;17;0;0;0;PAQ_990;0
SUB296;Más de 2 años;De 26 a 35 años;FemeniNO;CASADO (A);Suroccidente;8;7;8;9;NO;SI;3G;NO;Network 3G;0;3;29;130;19107292;80892708;18976011;1;5850856292;500854701;-1;3845238095;1153846154;0;362;500;5;AMIGO;0;0;0;0;1;1;1000;1;0;1;0;CONSUMO_GRANEL;0
SUB297;Más de 2 años;De 36 a 45 años;FemeniNO;UNIÓN LIBRE;Centro;6;10;10;10;NO;NO;3G;NO;Network 2G;9;30;5265;925;357251203;642748797;11478135;-1;4437112575;6743841344;1;2667853926;4995013234;3433388316;3140266667;13000;11;FACIL;0;0;0;0;0;1;5000;5;0;0;0;CONSUMO_GRANEL;1
SUB298;Más de 2 años;De 36 a 45 años;MasculiNO;CASADO (A);Suroccidente;10;10;10;10;SI;SI;LTE;SI;Network 3G;11;13;159;58;727698385;272301615;43338363;-1;9849215686;9578086588;-1;3266983835;3429542308;4002181483;3568333333;21000;45;AMIGO;0;1;0;0;1;1;7000;2;0;0;0;PAQ_990;0
SUB299;Más de 2 años;De 46 a 55 años;FemeniNO;UNIÓN LIBRE;Noroccidente;10;10;10;10;NO;NO;2G;NO;Network 2G;3;3;1545;945;616350182;383649818;17721989;1;1276398734;2290244391;-1;3824437031;1082398504;265758547;2332628083;13500;4;AMIGO;0;0;0;0;0;1;9000;3;0;0;0;CONSUMOS_VOZ;0
SUB300;Más de 2 años;De 18 a 25 años;FemeniNO;UNIÓN LIBRE;Centro;8;7;7;8;SI;SI;3G;NO;Network 3G;0;0;55;106;41353383;958646617;15037594;-1;7209881603;1563636364;1;1428571429;0;0;342;2000;1;FACIL;1;0;0;0;1;1;4000;2;0;0;0;PAQ_DATOS;0
SUB301;Entre 2 meses y 6 meses;De 46 a 55 años;FemeniNO;SOLTERO (A);Centro;10;10;10;10;NO;NO;2G;NO;Network 2G;3;10;33;135;734161491;265838509;224534161;1;5400909091;7234722222;-1;1827034884;4166666667;2083333333;32928125;3000;15;FACIL;0;0;0;0;0;1;13000;6;0;0;0;CONSUMOS_VOZ;0
SUB302;Más de 2 años;De 26 a 35 años;MasculiNO;SOLTERO (A);Centro;8;7;8;5;NO;NO;2G;NO;Network 2G;0;0;15;75;15;85;0;1;1140178571;96;1;1666666667;0;0;2453333333;1000;5;AMIGO;0;0;0;0;0;0;0;0;0;0;0;PAQ_DATOS;0
SUB303;Más de 2 años;De 36 a 45 años;FemeniNO;UNIÓN LIBRE;Centro;8;10;4;6;SI;SI;LTE;SI;Network 3G;2;3;209;2055;504510099;495489901;13241674;-1;623700057;2289930118;-1;3625642044;1724137931;285943407;3494809524;25000;25;AMIGO;0;1;0;0;1;0;25000;3;1;0;0;PAQ_990;0
SUB304;Más de 2 años;De 26 a 35 años;MasculiNO;SOLTERO (A);Suroccidente;5;5;6;6;SI;SI;3G;NO;Network 3G;5;0;3045;109;713557443;286442557;169472986;1;1095367647;1611359827;1;1635714033;227547361;7622592968;3667846154;22500;105;FACIL;1;0;0;0;1;1;22000;7;0;0;0;PAQ_990;1
SUB305;Más de 2 años;De 26 a 35 años;FemeniNO;SOLTERO (A);Costa;8;8;9;8;NO;NO;LTE;SI;Network 3G;0;0;185;2;804761905;195238095;252380952;-1;3025;4126136364;1;2760869565;6060606061;0;31415;2500;5;FACIL;0;0;0;0;0;0;0;0;0;0;0;CONSUMO_GRANEL;0
SUB306;Más de 2 años;De 36 a 45 años;FemeniNO;SOLTERO (A);Centro;9;9;8;6;NO;NO;3G;NO;Network 3G;0;0;335;1845;158008198;841991802;136503621;-1;1071617744;1012962963;1;11;0;0;3525;0;0;FACIL;0;0;0;0;0;0;0;0;0;0;0;PAQ_DATOS;0
SUB307;Más de 2 años;De 36 a 45 años;FemeniNO;CASADO (A);Suroccidente;9;9;9;9;SI;NO;3G;NO;Network 3G;1;7;2245;118;640237362;359762638;89639569;1;9044481388;2742538954;-1;1838430657;4258675079;2429261065;3635789474;28000;7;AMIGO;0;1;0;0;0;1;23000;4;0;0;0;CONSUMOS_VOZ;0
SUB308;Más de 2 años;De 36 a 45 años;FemeniNO;CASADO (A);Suroccidente;1;7;10;3;SI;SI;3G;NO;Network 3G;0;1;405;88;303313588;696686412;92990251;-1;6818816996;2891776316;1;3233388704;0;0;3455;2500;1;AMIGO;0;1;0;0;1;1;3000;2;0;1;0;PAQ_990;1
SUB309;Más de 2 años;De 56 a 65 años;MasculiNO;UNIÓN LIBRE;Centro;10;9;9;7;NO;NO;2G;NO;Network 2G;5;16;1451;491;748083474;251916526;25468737;1;7212720041;1568315117;1;2027745403;753662372;920482436;3246426345;54500;365;FACIL;0;0;1;0;0;1;66000;43;0;0;0;CONSUMOS_VOZ;0
SUB310;Más de 2 años;De 18 a 25 años;MasculiNO;SOLTERO (A);Noroccidente;10;1;10;10;NO;SI;3G;NO;Network 3G;0;4;1765;835;695138889;304861111;64930556;-1;3128561905;2351658853;-1;3184840917;2967904796;2760548143;2711614583;8000;2;AMIGO;0;0;0;0;0;1;10000;2;0;0;0;CONSUMOS_VOZ;1
SUB311;Más de 2 años;De 26 a 35 años;FemeniNO;UNIÓN LIBRE;Costa;9;10;8;10;NO;NO;3G;NO;Network 3G;0;3;77;83;344982079;655017921;82885305;1;386907083;1657142857;1;2263565891;340136054;1020408163;33784375;6000;2;AMIGO;0;1;0;0;1;1;19000;8;0;0;0;PAQ_990;0
SUB312;Más de 2 años;De 46 a 55 años;FemeniNO;UNIÓN LIBRE;Suroriente;4;5;4;2;NO;NO;3G;NO;Network 3G;11;21;6805;3915;634668751;365331249;30850142;-1;4629516091;348896382;1;3897252322;3060159023;1324004376;3560953616;120000;26;FACIL;0;1;0;0;1;1;136000;41;0;0;0;PAQ_990;1
SUB313;Más de 2 años;De 56 a 65 años;MasculiNO;SOLTERO (A);Suroccidente;9;4;4;2;NO;NO;2G;NO;Network 2G;0;2;2565;2945;464598997;535401003;3339599;-1;4821501557;7094249693;1;394390896;786327406;571735132;2803;20500;35;AMIGO;0;0;0;0;0;1;18000;4;0;0;0;CONSUMOS_VOZ;1
SUB314;Más de 2 años;De 36 a 45 años;MasculiNO;CASADO (A);Centro;6;7;8;5;NO;NO;3G;NO;Network 3G;6;2;975;58;644317794;355682206;16009221;1;1133525009;5607421053;-1;3289657466;0;526315789;3618644289;6500;3;FACIL;1;1;0;0;0;1;5000;1;0;1;0;CONSUMOS_VOZ;1
